V1.V,V(V_D),I(D1.nA),
-5,-4.99999748,-2.52e-9,
-4.99,-4.98999748,-2.52e-9,
-4.98,-4.979997480000001,-2.52e-9,
-4.97,-4.96999748,-2.52e-9,
-4.96,-4.95999748,-2.52e-9,
-4.95,-4.94999748,-2.52e-9,
-4.94,-4.939997480000001,-2.52e-9,
-4.93,-4.92999748,-2.52e-9,
-4.92,-4.91999748,-2.52e-9,
-4.91,-4.90999748,-2.52e-9,
-4.9,-4.899997480000001,-2.52e-9,
-4.89,-4.88999748,-2.52e-9,
-4.88,-4.87999748,-2.52e-9,
-4.87,-4.86999748,-2.52e-9,
-4.86,-4.8599974800000005,-2.52e-9,
-4.85,-4.84999748,-2.52e-9,
-4.84,-4.83999748,-2.52e-9,
-4.83,-4.82999748,-2.52e-9,
-4.82,-4.8199974800000005,-2.52e-9,
-4.81,-4.80999748,-2.52e-9,
-4.8,-4.79999748,-2.52e-9,
-4.79,-4.78999748,-2.52e-9,
-4.78,-4.7799974800000005,-2.52e-9,
-4.77,-4.76999748,-2.52e-9,
-4.76,-4.75999748,-2.52e-9,
-4.75,-4.74999748,-2.52e-9,
-4.74,-4.73999748,-2.52e-9,
-4.73,-4.729997480000001,-2.52e-9,
-4.72,-4.71999748,-2.52e-9,
-4.71,-4.70999748,-2.52e-9,
-4.7,-4.69999748,-2.52e-9,
-4.69,-4.689997480000001,-2.52e-9,
-4.68,-4.67999748,-2.52e-9,
-4.67,-4.66999748,-2.52e-9,
-4.66,-4.65999748,-2.52e-9,
-4.65,-4.649997480000001,-2.52e-9,
-4.64,-4.63999748,-2.52e-9,
-4.63,-4.62999748,-2.52e-9,
-4.62,-4.61999748,-2.52e-9,
-4.61,-4.6099974800000005,-2.52e-9,
-4.6,-4.59999748,-2.52e-9,
-4.59,-4.58999748,-2.52e-9,
-4.58,-4.57999748,-2.52e-9,
-4.57,-4.5699974800000005,-2.52e-9,
-4.56,-4.55999748,-2.52e-9,
-4.55,-4.54999748,-2.52e-9,
-4.54,-4.53999748,-2.52e-9,
-4.53,-4.5299974800000005,-2.52e-9,
-4.52,-4.51999748,-2.52e-9,
-4.51,-4.50999748,-2.52e-9,
-4.5,-4.49999748,-2.52e-9,
-4.49,-4.48999748,-2.52e-9,
-4.48,-4.479997480000001,-2.52e-9,
-4.47,-4.46999748,-2.52e-9,
-4.46,-4.45999748,-2.52e-9,
-4.45,-4.44999748,-2.52e-9,
-4.44,-4.439997480000001,-2.52e-9,
-4.43,-4.42999748,-2.52e-9,
-4.42,-4.41999748,-2.52e-9,
-4.41,-4.40999748,-2.52e-9,
-4.4,-4.399997480000001,-2.52e-9,
-4.39,-4.38999748,-2.52e-9,
-4.38,-4.37999748,-2.52e-9,
-4.37,-4.36999748,-2.52e-9,
-4.36,-4.3599974800000005,-2.52e-9,
-4.35,-4.34999748,-2.52e-9,
-4.34,-4.33999748,-2.52e-9,
-4.33,-4.32999748,-2.52e-9,
-4.32,-4.3199974800000005,-2.52e-9,
-4.31,-4.30999748,-2.52e-9,
-4.3,-4.29999748,-2.52e-9,
-4.29,-4.28999748,-2.52e-9,
-4.28,-4.2799974800000005,-2.52e-9,
-4.27,-4.26999748,-2.52e-9,
-4.26,-4.25999748,-2.52e-9,
-4.25,-4.24999748,-2.52e-9,
-4.24,-4.23999748,-2.52e-9,
-4.23,-4.229997480000001,-2.52e-9,
-4.22,-4.21999748,-2.52e-9,
-4.21,-4.20999748,-2.52e-9,
-4.2,-4.19999748,-2.52e-9,
-4.19,-4.189997480000001,-2.52e-9,
-4.18,-4.17999748,-2.52e-9,
-4.17,-4.16999748,-2.52e-9,
-4.16,-4.15999748,-2.52e-9,
-4.15,-4.149997480000001,-2.52e-9,
-4.14,-4.13999748,-2.52e-9,
-4.13,-4.12999748,-2.52e-9,
-4.12,-4.11999748,-2.52e-9,
-4.11,-4.1099974800000005,-2.52e-9,
-4.1,-4.09999748,-2.52e-9,
-4.09,-4.08999748,-2.52e-9,
-4.08,-4.07999748,-2.52e-9,
-4.07,-4.0699974800000005,-2.52e-9,
-4.06,-4.05999748,-2.52e-9,
-4.05,-4.04999748,-2.52e-9,
-4.04,-4.03999748,-2.52e-9,
-4.03,-4.0299974800000005,-2.52e-9,
-4.02,-4.01999748,-2.52e-9,
-4.01,-4.00999748,-2.52e-9,
-4,-3.99999748,-2.52e-9,
-3.99,-3.9899974800000004,-2.52e-9,
-3.98,-3.97999748,-2.52e-9,
-3.97,-3.9699974800000004,-2.52e-9,
-3.96,-3.95999748,-2.52e-9,
-3.95,-3.9499974800000004,-2.52e-9,
-3.94,-3.93999748,-2.52e-9,
-3.93,-3.9299974800000004,-2.52e-9,
-3.92,-3.91999748,-2.52e-9,
-3.91,-3.9099974800000004,-2.52e-9,
-3.9,-3.89999748,-2.52e-9,
-3.89,-3.8899974800000003,-2.52e-9,
-3.88,-3.87999748,-2.52e-9,
-3.87,-3.8699974800000003,-2.52e-9,
-3.86,-3.85999748,-2.52e-9,
-3.85,-3.8499974800000003,-2.52e-9,
-3.84,-3.83999748,-2.52e-9,
-3.83,-3.8299974800000003,-2.52e-9,
-3.82,-3.81999748,-2.52e-9,
-3.81,-3.8099974800000003,-2.52e-9,
-3.8,-3.79999748,-2.52e-9,
-3.79,-3.7899974800000003,-2.52e-9,
-3.78,-3.77999748,-2.52e-9,
-3.77,-3.7699974800000002,-2.52e-9,
-3.76,-3.75999748,-2.52e-9,
-3.75,-3.74999748,-2.52e-9,
-3.74,-3.7399974800000004,-2.52e-9,
-3.73,-3.72999748,-2.52e-9,
-3.72,-3.7199974800000004,-2.52e-9,
-3.71,-3.70999748,-2.52e-9,
-3.7,-3.6999974800000004,-2.52e-9,
-3.69,-3.68999748,-2.52e-9,
-3.68,-3.6799974800000004,-2.52e-9,
-3.67,-3.66999748,-2.52e-9,
-3.66,-3.6599974800000004,-2.52e-9,
-3.65,-3.64999748,-2.52e-9,
-3.64,-3.6399974800000003,-2.52e-9,
-3.63,-3.62999748,-2.52e-9,
-3.62,-3.6199974800000003,-2.52e-9,
-3.61,-3.60999748,-2.52e-9,
-3.6,-3.5999974800000003,-2.52e-9,
-3.59,-3.58999748,-2.52e-9,
-3.58,-3.5799974800000003,-2.52e-9,
-3.57,-3.56999748,-2.52e-9,
-3.56,-3.5599974800000003,-2.52e-9,
-3.55,-3.54999748,-2.52e-9,
-3.54,-3.5399974800000003,-2.52e-9,
-3.53,-3.52999748,-2.52e-9,
-3.52,-3.5199974800000002,-2.52e-9,
-3.51,-3.50999748,-2.52e-9,
-3.5,-3.49999748,-2.52e-9,
-3.49,-3.4899974800000004,-2.52e-9,
-3.48,-3.47999748,-2.52e-9,
-3.47,-3.4699974800000004,-2.52e-9,
-3.46,-3.45999748,-2.52e-9,
-3.45,-3.4499974800000004,-2.52e-9,
-3.44,-3.43999748,-2.52e-9,
-3.43,-3.4299974800000004,-2.52e-9,
-3.42,-3.41999748,-2.52e-9,
-3.41,-3.4099974800000004,-2.52e-9,
-3.4,-3.39999748,-2.52e-9,
-3.39,-3.3899974800000003,-2.52e-9,
-3.38,-3.37999748,-2.52e-9,
-3.37,-3.3699974800000003,-2.52e-9,
-3.36,-3.35999748,-2.52e-9,
-3.35,-3.3499974800000003,-2.52e-9,
-3.34,-3.33999748,-2.52e-9,
-3.33,-3.3299974800000003,-2.52e-9,
-3.32,-3.31999748,-2.52e-9,
-3.31,-3.3099974800000003,-2.52e-9,
-3.3,-3.29999748,-2.52e-9,
-3.29,-3.2899974800000003,-2.52e-9,
-3.28,-3.27999748,-2.52e-9,
-3.27,-3.2699974800000002,-2.52e-9,
-3.26,-3.25999748,-2.52e-9,
-3.25,-3.24999748,-2.52e-9,
-3.24,-3.2399974800000004,-2.52e-9,
-3.23,-3.22999748,-2.52e-9,
-3.22,-3.2199974800000004,-2.52e-9,
-3.21,-3.20999748,-2.52e-9,
-3.2,-3.1999974800000004,-2.52e-9,
-3.19,-3.18999748,-2.52e-9,
-3.18,-3.1799974800000004,-2.52e-9,
-3.17,-3.16999748,-2.52e-9,
-3.16,-3.1599974800000004,-2.52e-9,
-3.15,-3.14999748,-2.52e-9,
-3.14,-3.1399974800000003,-2.52e-9,
-3.13,-3.12999748,-2.52e-9,
-3.12,-3.1199974800000003,-2.52e-9,
-3.11,-3.10999748,-2.52e-9,
-3.1,-3.0999974800000003,-2.52e-9,
-3.09,-3.08999748,-2.52e-9,
-3.08,-3.0799974800000003,-2.52e-9,
-3.07,-3.06999748,-2.52e-9,
-3.06,-3.0599974800000003,-2.52e-9,
-3.05,-3.04999748,-2.52e-9,
-3.04,-3.0399974800000003,-2.52e-9,
-3.03,-3.02999748,-2.52e-9,
-3.02,-3.0199974800000002,-2.52e-9,
-3.01,-3.00999748,-2.52e-9,
-3,-2.99999748,-2.52e-9,
-2.99,-2.9899974800000004,-2.52e-9,
-2.98,-2.97999748,-2.52e-9,
-2.97,-2.9699974800000004,-2.52e-9,
-2.96,-2.95999748,-2.52e-9,
-2.95,-2.9499974800000004,-2.52e-9,
-2.94,-2.93999748,-2.52e-9,
-2.93,-2.9299974800000004,-2.52e-9,
-2.92,-2.91999748,-2.52e-9,
-2.91,-2.9099974800000004,-2.52e-9,
-2.9,-2.89999748,-2.52e-9,
-2.89,-2.8899974800000003,-2.52e-9,
-2.88,-2.87999748,-2.52e-9,
-2.87,-2.8699974800000003,-2.52e-9,
-2.86,-2.85999748,-2.52e-9,
-2.85,-2.8499974800000003,-2.52e-9,
-2.84,-2.83999748,-2.52e-9,
-2.83,-2.8299974800000003,-2.52e-9,
-2.82,-2.81999748,-2.52e-9,
-2.81,-2.8099974800000003,-2.52e-9,
-2.8,-2.79999748,-2.52e-9,
-2.79,-2.7899974800000003,-2.52e-9,
-2.78,-2.77999748,-2.52e-9,
-2.77,-2.7699974800000002,-2.52e-9,
-2.76,-2.75999748,-2.52e-9,
-2.75,-2.74999748,-2.52e-9,
-2.74,-2.7399974800000004,-2.52e-9,
-2.73,-2.72999748,-2.52e-9,
-2.72,-2.7199974800000004,-2.52e-9,
-2.71,-2.70999748,-2.52e-9,
-2.7,-2.6999974800000004,-2.52e-9,
-2.69,-2.68999748,-2.52e-9,
-2.68,-2.6799974800000004,-2.52e-9,
-2.67,-2.66999748,-2.52e-9,
-2.66,-2.6599974800000004,-2.52e-9,
-2.65,-2.64999748,-2.52e-9,
-2.64,-2.6399974800000003,-2.52e-9,
-2.63,-2.62999748,-2.52e-9,
-2.62,-2.6199974800000003,-2.52e-9,
-2.61,-2.60999748,-2.52e-9,
-2.6,-2.5999974800000003,-2.52e-9,
-2.59,-2.58999748,-2.52e-9,
-2.58,-2.5799974800000003,-2.52e-9,
-2.57,-2.56999748,-2.52e-9,
-2.56,-2.5599974800000003,-2.52e-9,
-2.55,-2.54999748,-2.52e-9,
-2.54,-2.5399974800000003,-2.52e-9,
-2.53,-2.52999748,-2.52e-9,
-2.52,-2.5199974800000002,-2.52e-9,
-2.51,-2.50999748,-2.52e-9,
-2.5,-2.49999748,-2.52e-9,
-2.49,-2.4899974800000004,-2.52e-9,
-2.48,-2.47999748,-2.52e-9,
-2.47,-2.4699974800000004,-2.52e-9,
-2.46,-2.45999748,-2.52e-9,
-2.45,-2.4499974800000004,-2.52e-9,
-2.44,-2.43999748,-2.52e-9,
-2.43,-2.4299974800000004,-2.52e-9,
-2.42,-2.41999748,-2.52e-9,
-2.41,-2.4099974800000004,-2.52e-9,
-2.4,-2.39999748,-2.52e-9,
-2.39,-2.3899974800000003,-2.52e-9,
-2.38,-2.37999748,-2.52e-9,
-2.37,-2.3699974800000003,-2.52e-9,
-2.36,-2.35999748,-2.52e-9,
-2.35,-2.3499974800000003,-2.52e-9,
-2.34,-2.33999748,-2.52e-9,
-2.33,-2.3299974800000003,-2.52e-9,
-2.32,-2.31999748,-2.52e-9,
-2.31,-2.3099974800000003,-2.52e-9,
-2.3,-2.29999748,-2.52e-9,
-2.29,-2.2899974800000003,-2.52e-9,
-2.28,-2.27999748,-2.52e-9,
-2.27,-2.2699974800000002,-2.52e-9,
-2.26,-2.25999748,-2.52e-9,
-2.25,-2.24999748,-2.52e-9,
-2.24,-2.2399974800000004,-2.52e-9,
-2.23,-2.22999748,-2.52e-9,
-2.22,-2.2199974800000004,-2.52e-9,
-2.21,-2.20999748,-2.52e-9,
-2.2,-2.1999974800000004,-2.52e-9,
-2.19,-2.18999748,-2.52e-9,
-2.18,-2.1799974800000004,-2.52e-9,
-2.17,-2.16999748,-2.52e-9,
-2.16,-2.1599974800000004,-2.52e-9,
-2.15,-2.14999748,-2.52e-9,
-2.14,-2.1399974800000003,-2.52e-9,
-2.13,-2.12999748,-2.52e-9,
-2.12,-2.1199974800000003,-2.52e-9,
-2.11,-2.10999748,-2.52e-9,
-2.1,-2.0999974800000003,-2.52e-9,
-2.09,-2.08999748,-2.52e-9,
-2.08,-2.0799974800000003,-2.52e-9,
-2.07,-2.06999748,-2.52e-9,
-2.06,-2.0599974800000003,-2.52e-9,
-2.05,-2.04999748,-2.52e-9,
-2.04,-2.0399974800000003,-2.52e-9,
-2.03,-2.02999748,-2.52e-9,
-2.02,-2.0199974800000002,-2.52e-9,
-2.01,-2.00999748,-2.52e-9,
-2,-1.99999748,-2.52e-9,
-1.99,-1.98999748,-2.52e-9,
-1.98,-1.97999748,-2.52e-9,
-1.97,-1.96999748,-2.52e-9,
-1.96,-1.95999748,-2.52e-9,
-1.95,-1.94999748,-2.52e-9,
-1.94,-1.93999748,-2.52e-9,
-1.93,-1.92999748,-2.52e-9,
-1.92,-1.91999748,-2.52e-9,
-1.91,-1.90999748,-2.52e-9,
-1.9,-1.89999748,-2.52e-9,
-1.89,-1.88999748,-2.52e-9,
-1.88,-1.8799974799999999,-2.52e-9,
-1.87,-1.86999748,-2.52e-9,
-1.86,-1.85999748,-2.52e-9,
-1.85,-1.84999748,-2.52e-9,
-1.84,-1.83999748,-2.52e-9,
-1.83,-1.82999748,-2.52e-9,
-1.82,-1.81999748,-2.52e-9,
-1.81,-1.80999748,-2.52e-9,
-1.8,-1.79999748,-2.52e-9,
-1.79,-1.78999748,-2.52e-9,
-1.78,-1.77999748,-2.52e-9,
-1.77,-1.76999748,-2.52e-9,
-1.76,-1.75999748,-2.52e-9,
-1.75,-1.74999748,-2.52e-9,
-1.74,-1.73999748,-2.52e-9,
-1.73,-1.72999748,-2.52e-9,
-1.72,-1.71999748,-2.52e-9,
-1.71,-1.70999748,-2.52e-9,
-1.7,-1.69999748,-2.52e-9,
-1.69,-1.68999748,-2.52e-9,
-1.68,-1.67999748,-2.5199999999999996e-9,
-1.67,-1.66999748,-2.5199999999999996e-9,
-1.66,-1.65999748,-2.5199999999999996e-9,
-1.65,-1.64999748,-2.5199999999999996e-9,
-1.64,-1.63999748,-2.5199999999999996e-9,
-1.63,-1.6299974799999999,-2.5199999999999996e-9,
-1.62,-1.61999748,-2.5199999999999996e-9,
-1.61,-1.60999748,-2.519999999999999e-9,
-1.6,-1.59999748,-2.519999999999999e-9,
-1.59,-1.58999748,-2.5199999999999987e-9,
-1.58,-1.57999748,-2.5199999999999987e-9,
-1.57,-1.56999748,-2.5199999999999983e-9,
-1.56,-1.55999748,-2.519999999999998e-9,
-1.55,-1.54999748,-2.519999999999997e-9,
-1.54,-1.53999748,-2.5199999999999967e-9,
-1.53,-1.52999748,-2.5199999999999954e-9,
-1.52,-1.51999748,-2.5199999999999946e-9,
-1.51,-1.50999748,-2.5199999999999934e-9,
-1.5,-1.49999748,-2.5199999999999917e-9,
-1.49,-1.48999748,-2.5199999999999892e-9,
-1.48,-1.47999748,-2.5199999999999867e-9,
-1.47,-1.46999748,-2.5199999999999834e-9,
-1.46,-1.45999748,-2.5199999999999793e-9,
-1.45,-1.44999748,-2.5199999999999743e-9,
-1.44,-1.43999748,-2.5199999999999677e-9,
-1.43,-1.42999748,-2.51999999999996e-9,
-1.42,-1.41999748,-2.5199999999999495e-9,
-1.41,-1.40999748,-2.519999999999937e-9,
-1.4,-1.39999748,-2.519999999999922e-9,
-1.39,-1.38999748,-2.519999999999902e-9,
-1.38,-1.3799974799999999,-2.5199999999998776e-9,
-1.37,-1.36999748,-2.5199999999998474e-9,
-1.36,-1.35999748,-2.5199999999998093e-9,
-1.35,-1.34999748,-2.519999999999762e-9,
-1.34,-1.33999748,-2.519999999999703e-9,
-1.33,-1.32999748,-2.519999999999629e-9,
-1.32,-1.31999748,-2.5199999999995368e-9,
-1.31,-1.30999748,-2.5199999999994214e-9,
-1.3,-1.29999748,-2.5199999999992774e-9,
-1.29,-1.28999748,-2.5199999999990975e-9,
-1.28,-1.27999748,-2.5199999999988734e-9,
-1.27,-1.26999748,-2.519999999998593e-9,
-1.26,-1.25999748,-2.519999999998243e-9,
-1.25,-1.24999748,-2.519999999997806e-9,
-1.24,-1.23999748,-2.51999999999726e-9,
-1.23,-1.22999748,-2.5199999999965784e-9,
-1.22,-1.21999748,-2.5199999999957268e-9,
-1.21,-1.20999748,-2.5199999999946643e-9,
-1.2,-1.19999748,-2.5199999999933366e-9,
-1.19,-1.18999748,-2.519999999991679e-9,
-1.18,-1.17999748,-2.519999999989609e-9,
-1.17,-1.16999748,-2.5199999999870244e-9,
-1.16,-1.15999748,-2.5199999999837963e-9,
-1.15,-1.14999748,-2.5199999999797655e-9,
-1.14,-1.13999748,-2.519999999974732e-9,
-1.13,-1.1299974799999999,-2.519999999968446e-9,
-1.12,-1.11999748,-2.5199999999605964e-9,
-1.11,-1.10999748,-2.5199999999507943e-9,
-1.1,-1.09999748,-2.5199999999385537e-9,
-1.09,-1.08999748,-2.519999999923268e-9,
-1.08,-1.07999748,-2.519999999904179e-9,
-1.07,-1.0699974800000003,-2.519999999880342e-9,
-1.06,-1.0599974800000003,-2.5199999998505756e-9,
-1.05,-1.0499974800000003,-2.5199999998134038e-9,
-1.04,-1.0399974800000003,-2.519999999766985e-9,
-1.03,-1.0299974800000002,-2.5199999997090185e-9,
-1.02,-1.0199974800000005,-2.5199999996366324e-9,
-1.01,-1.0099974800000004,-2.5199999995462385e-9,
-1,-0.9999974800000005,-2.519999999433358e-9,
-0.99,-0.9899974800000007,-2.5199999992923966e-9,
-0.98,-0.9799974800000009,-2.519999999116369e-9,
-0.97,-0.9699974800000011,-2.519999998896551e-9,
-0.96,-0.9599974800000013,-2.5199999986220503e-9,
-0.95,-0.9499974800000017,-2.519999998279263e-9,
-0.94,-0.939997480000002,-2.5199999978512015e-9,
-0.93,-0.9299974800000027,-2.5199999973166525e-9,
-0.92,-0.9199974800000034,-2.5199999966491265e-9,
-0.91,-0.9099974800000042,-2.5199999958155422e-9,
-0.9,-0.8999974800000052,-2.51999999477459e-9,
-0.89,-0.8899974800000066,-2.5199999934746844e-9,
-0.88,-0.8799974800000081,-2.519999991851406e-9,
-0.87,-0.8699974800000102,-2.519999989824311e-9,
-0.86,-0.8599974800000127,-2.5199999872929424e-9,
-0.85,-0.8499974800000158,-2.519999984131855e-9,
-0.84,-0.8399974800000198,-2.5199999801843962e-9,
-0.83,-0.8299974800000247,-2.5199999752549424e-9,
-0.82,-0.8199974800000308,-2.5199999690992066e-9,
-0.81,-0.8099974800000387,-2.5199999614121307e-9,
-0.8,-0.7999974800000482,-2.5199999518127704e-9,
-0.79,-0.7899974800000602,-2.519999939825413e-9,
-0.78,-0.7799974800000752,-2.5199999248560048e-9,
-0.77,-0.7699974800000938,-2.519999906162713e-9,
-0.76,-0.7599974800001172,-2.519999882819161e-9,
-0.75,-0.7499974800001463,-2.5199998536685203e-9,
-0.74,-0.7399974800001827,-2.519999817266183e-9,
-0.73,-0.7299974800002281,-2.519999771808172e-9,
-0.72,-0.719997480000285,-2.519999715041741e-9,
-0.71,-0.7099974800003558,-2.5199996441537363e-9,
-0.7,-0.6999974800004444,-2.5199995556311874e-9,
-0.69,-0.6899974800005548,-2.519999445087213e-9,
-0.68,-0.679997480000693,-2.519999307043626e-9,
-0.67,-0.6699974800008653,-2.5199991346594497e-9,
-0.66,-0.6599974800010806,-2.5199989193919045e-9,
-0.65,-0.6499974800013495,-2.5199986505730537e-9,
-0.64,-0.6399974800016851,-2.5199983148811387e-9,
-0.63,-0.6299974800021043,-2.519997895680397e-9,
-0.62,-0.6199974800026278,-2.519997372196648e-9,
-0.61,-0.6099974800032815,-2.5199967184877962e-9,
-0.6,-0.5999974800040978,-2.519995902158229e-9,
-0.59,-0.5899974800051172,-2.5199948827533963e-9,
-0.58,-0.5799974800063902,-2.5199936097550204e-9,
-0.57,-0.5699974800079799,-2.519992020077581e-9,
-0.56,-0.5599974800099651,-2.5199900349420063e-9,
-0.55,-0.5499974800124441,-2.5199875559716494e-9,
-0.54,-0.5399974800155397,-2.5199844603170714e-9,
-0.53,-0.5299974800194055,-2.519980594568036e-9,
-0.52,-0.5199974800242328,-2.5199757671510136e-9,
-0.51,-0.5099974800302611,-2.5199697388354422e-9,
-0.5,-0.4999974800377891,-2.5199622108782637e-9,
-0.49,-0.4899974800471898,-2.5199528102192228e-9,
-0.48,-0.479997480058929,-2.5199410709932552e-9,
-0.47,-0.46999748007358855,-2.5199264114437804e-9,
-0.46,-0.45999748009189495,-2.5199081050928026e-9,
-0.45,-0.44999748011475527,-2.5198852447391042e-9,
-0.44,-0.4399974801433025,-2.5198566975004027e-9,
-0.43,-0.42999748017895134,-2.519821048671518e-9,
-0.42,-0.4199974802234684,-2.5197765316163426e-9,
-0.41,-0.40999748027905975,-2.5197209402192998e-9,
-0.4,-0.3999974803484805,-2.5196515195576844e-9,
-0.39,-0.38999748043517063,-2.5195648293769698e-9,
-0.38,-0.3799974805434264,-2.5194565736033875e-9,
-0.37,-0.36999748067861254,-2.5193213874449927e-9,
-0.36,-0.35999748084742844,-2.5191525715306804e-9,
-0.35,-0.3499974810582401,-2.5189417599119784e-9,
-0.34,-0.33999748132149454,-2.5186785054749354e-9,
-0.33,-0.3299974816502378,-2.518349762216532e-9,
-0.32,-0.3199974820607613,-2.5179392387290424e-9,
-0.31,-0.30999748257340914,-2.517426590853281e-9,
-0.3,-0.2999974832135865,-2.5167864134914734e-9,
-0.29,-0.28999748401301834,-2.515986981617597e-9,
-0.28,-0.27999748501132193,-2.5149886780942153e-9,
-0.27,-0.26999748625796965,-2.51374203038419e-9,
-0.26,-0.25999748781474114,-2.512185258864086e-9,
-0.25,-0.24999748975878475,-2.510241215243145e-9,
-0.24,-0.23999749218644062,-2.5078135593680505e-9,
-0.23,-0.22999749521801505,-2.504781984951751e-9,
-0.22,-0.21999749900374238,-2.5009962576341326e-9,
-0.21,-0.20999750373123005,-2.4962687699280603e-9,
-0.2,-0.1999975096347559,-2.490365244110189e-9,
-0.19,-0.18999751700687767,-2.482993122340578e-9,
-0.18,-0.1799975262129313,-2.473787068691794e-9,
-0.17,-0.16999753770913537,-2.4622908646594053e-9,
-0.16,-0.15999755206519897,-2.4479348010226952e-9,
-0.15,-0.14999756999255423,-2.4300074457758206e-9,
-0.14,-0.13999759237961082,-2.407620389204614e-9,
-0.13,-0.12999762033578077,-2.3796642192455474e-9,
-0.12,-0.11999765524645419,-2.3447535458066564e-9,
-0.11,-0.10999769884164974,-2.3011583502534083e-9,
-0.1,-0.09999775328174108,-2.2467182589265164e-9,
-0.09,-0.08999782126450613,-2.1787354938656837e-9,
-0.08,-0.07999790615880194,-2.0938411980609657e-9,
-0.07,-0.06999801217148562,-1.9878285143844348e-9,
-0.06,-0.05999814455584819,-1.855444151806054e-9,
-0.05,-0.04999830987188157,-1.6901281184277837e-9,
-0.04,-0.03999851631126288,-1.483688737120213e-9,
-0.03,-0.029998774103139943,-1.2258968600540758e-9,
-0.02,-0.01999909602079383,-9.039792061698114e-10,
-0.01,-0.009999498014234802,-5.019857651986285e-10,
-1.3577806107930013e-30,1.4315406863313878e-18,-1.4315406863327455e-21,
0.01,0.009999375745309659,6.242546903412114e-10,
0.02,0.019998590478825223,1.409521174776468e-9,
0.03,0.029997614608971986,2.385391028012429e-9,
0.04,0.03999639241049001,3.607589509991375e-9,
0.05,0.04999486847464405,5.131525355954119e-9,
0.06,0.05999296641112622,7.03358887378281e-9,
0.07,0.06999058897465213,9.411025347883205e-9,
0.08,0.07998762193657641,1.237806342358907e-8,
0.09,0.08998391744745952,1.6082552540468793e-8,
0.1,0.09997929274255908,2.0707257440922568e-8,
0.11,0.10997351735142559,2.6482648574412468e-8,
0.12,0.11996630827565308,3.3691724346911614e-8,
0.13,0.1299573090782948,4.269092170519612e-8,
0.14,0.13994607629845054,5.392370154947944e-8,
0.15,0.14993205684811348,6.794315188652618e-8,
0.16,0.1599145622035459,8.543779645408799e-8,
0.17,0.16989273455009168,1.072654499083252e-7,
0.18,0.17986550658382586,1.3449341617414305e-7,
0.19,0.18983155136566068,1.684486343393312e-7,
0.2,0.199789220976398,2.1077902360201584e-7,
0.21,0.20973647142855542,2.635285714445635e-7,
0.22,0.21967077234607882,3.2922765392117565e-7,
0.23,0.22958899707020256,4.110029297974565e-7,
0.24,0.23948729260869125,5.12707391308723e-7,
0.25,0.24936092611901017,6.390738809898255e-7,
0.26,0.2592041071730902,7.958928269098028e-7,
0.27,0.26900978630540556,9.902136945944735e-7,
0.28,0.278769433271527,0.0000012305667284730682,
0.29,0.28847280279713994,0.000001527197202860058,
0.3,0.2981077003272256,0.0000018922996727743746,
0.31,0.30765977532533284,0.0000023402246746671367,
0.32,0.31711236182522917,0.000002887638174770828,
0.33,0.3264464194344829,0.0000035535805655171304,
0.34,0.33564061424715136,0.000004359385752848653,
0.35,0.3446715912053504,0.0000053284087946495845,
0.36,0.353514476869556,0.000006485523130444003,
0.37,0.36214362881259693,0.000007856371187403055,
0.38,0.3705336104267984,0.000009466389573201625,
0.39,0.378660323349136,0.000011339676650863976,
0.4,0.38650218519046886,0.00001349781480953115,
0.41,0.3940412125304749,0.00001595878746952505,
0.42,0.4012638705508334,0.000018736129449166587,
0.43,0.408161584670257,0.000021838415329743033,
0.44,0.41473086768258344,0.000025269132317416584,
0.45,0.4209730809471372,0.00002902691905286281,
0.46,0.42689390173642505,0.00003310609826357499,
0.47,0.432502598916183,0.00003749740108381699,
0.48,0.4378112234913225,0.000042188776508677464,
0.49,0.4428338050502523,0.00004716619494974768,
0.5,0.4475856192292493,0.00005241438077075073,
0.51,0.45208256377919853,0.000057917436220801486,
0.52,0.4563406574359744,0.00006365934256402563,
0.53,0.4603756590506602,0.00006962434094933986,
0.54,0.4642027943546822,0.00007579720564531785,
0.55,0.4678365730445157,0.00008216342695548436,
0.56,0.47129067791329626,0.00008870932208670378,
0.57,0.47457790902624464,0.00009542209097375531,
0.58,0.47771016829397145,0.0001022898317060285,
0.59,0.4806984724891583,0.00010930152751084168,
0.6,0.4835529853400392,0.00011644701465996078,
0.61,0.4862830748901517,0.0001237169251098483,
0.62,0.4888973058621051,0.0001311026941378949,
0.63,0.49140359129675937,0.00013859640870324063,
0.64,0.49380917276820974,0.00014619082723179026,
0.65,0.49612069520370405,0.000153879304796296,
0.66,0.49834425741518934,0.00016165574258481067,
0.67,0.5004854596507957,0.0001695145403492043,
0.68,0.5025494478165624,0.00017745055218343765,
0.69,0.5045409542526191,0.0001854590457473808,
0.7,0.5064643350948314,0.00019353566490516863,
0.71,0.5083236043472241,0.0002016763956527759,
0.72,0.5101224648474624,0.00020987753515253757,
0.73,0.5118643363384795,0.0002181356636615205,
0.74,0.5135523808722814,0.00022644761912771864,
0.75,0.5151895257729527,0.00023481047422704732,
0.76,0.5167784843792075,0.00024322151562079254,
0.77,0.5183217747754558,0.00025167822522454417,
0.78,0.5198217367063728,0.00026017826329362726,
0.79,0.5212805468547697,0.0002687194531452303,
0.8,0.5227002326471275,0.0002772997673528725,
0.81,0.5240826847360566,0.0002859173152639435,
0.82,0.5254296682945797,0.00029457033170542026,
0.83,0.5267428332437025,0.0003032571667562975,
0.84,0.528023723522344,0.00031197627647765603,
0.85,0.5292737854973739,0.0003207262145026261,
0.86,0.530494375601237,0.0003295056243987629,
0.87,0.5316867672753754,0.0003383132327246246,
0.88,0.5328521572893375,0.00034714784271066244,
0.89,0.53399167149801,0.00035600832850199004,
0.9,0.5351063700927424,0.00036489362990725757,
0.91,0.5361972523962021,0.000373802747603798,
0.92,0.5372652612454953,0.00038273473875450475,
0.93,0.5383112870033897,0.0003916887129966104,
0.94,0.53933617123327,0.00040066382876672994,
0.95,0.5403407100697432,0.0004096592899302568,
0.96,0.5413256731216686,0.00041867432687833143,
0.97,0.5422917394448288,0.00042770826055517114,
0.98,0.5432396067747035,0.00043676039322529647,
0.99,0.5441699178882329,0.0004458300821117671,
1,0.5450832833776513,0.0004549167166223487,
1.01,0.5459802836856845,0.00046401971631431546,
1.02,0.5468614709935861,0.000473138529006414,
1.03,0.5477273709687168,0.00048227262903128323,
1.04,0.5485784843834924,0.0004914215156165076,
1.05,0.5494152886164501,0.00050058471138355,
1.06,0.5502382390452093,0.0005097617609547908,
1.07,0.5510477703402177,0.0005189522296597824,
1.08,0.5518442976673648,0.0005281557023326354,
1.09,0.5526282178068318,0.0005373717821931682,
1.1,0.5533999101948762,0.0005466000898051238,
1.11,0.5541597378946626,0.0005558402621053376,
1.12,0.5549080485017082,0.000565091951498292,
1.13,0.5556451749890317,0.0005743548250109683,
1.14,0.5563714364966389,0.0005836285635033609,
1.15,0.5570871390695935,0.0005929128609304064,
1.16,0.5577925763485466,0.0006022074236514533,
1.17,0.5584880302162799,0.00061151196978372,
1.18,0.559173771403511,0.0006208262285964891,
1.19,0.5598500600569442,0.0006301499399430559,
1.2,0.5605171462722986,0.0006394828537277014,
1.21,0.5611752705948305,0.0006488247294051694,
1.22,0.5618246644896507,0.0006581753355103493,
1.23,0.562465550783965,0.0006675344492160349,
1.24,0.5630981440831891,0.0006769018559168109,
1.25,0.5637226511627377,0.0006862773488372624,
1.26,0.5643392713371456,0.0006956607286628545,
1.27,0.564948196808055,0.0007050518031919451,
1.28,0.5655496129924781,0.0007144503870075219,
1.29,0.5661436988326439,0.0007238563011673562,
1.3,0.5667306270886353,0.0007332693729113647,
1.31,0.5673105646149356,0.0007426894353850645,
1.32,0.5678836726219174,0.0007521163273780827,
1.33,0.5684501069232358,0.0007615498930767643,
1.34,0.5690100181700126,0.0007709899818299875,
1.35,0.5695635520726403,0.0007804364479273598,
1.36,0.57011084961097,0.0007898891503890301,
1.37,0.570652047233599,0.0007993479527664012,
1.38,0.5711872770469165,0.0008088127229530834,
1.39,0.5717166669945305,0.0008182833330054695,
1.4,0.5722403410276438,0.0008277596589723561,
1.41,0.5727584192669197,0.0008372415807330802,
1.42,0.5732710181563335,0.0008467289818436664,
1.43,0.5737782506094765,0.0008562217493905235,
1.44,0.5742802261487475,0.0008657197738512524,
1.45,0.5747770510378378,0.0008752229489621622,
1.46,0.5752688284078892,0.0008847311715921108,
1.47,0.5757556583776804,0.0008942443416223195,
1.48,0.5762376381681734,0.0009037623618318267,
1.49,0.5767148622117325,0.0009132851377882675,
1.5,0.5771874222563055,0.0009228125777436946,
1.51,0.5776554074648419,0.0009323445925351581,
1.52,0.5781189045102044,0.0009418810954897956,
1.53,0.5785779976658109,0.0009514220023341892,
1.54,0.57903276889224,0.0009609672311077601,
1.55,0.5794832979200029,0.0009705167020799972,
1.56,0.5799296623286893,0.0009800703376713108,
1.57,0.5803719376226686,0.0009896280623773314,
1.58,0.580810197303528,0.0009991898026964722,
1.59,0.5812445129394078,0.0010087554870605922,
1.6,0.5816749542313964,0.0010183250457686038,
1.61,0.5821015890771264,0.0010278984109228738,
1.62,0.5825244836317157,0.0010374755163682844,
1.63,0.5829437023661809,0.001047056297633819,
1.64,0.5833593081234477,0.0010566406918765523,
1.65,0.5837713621720761,0.0010662286378279237,
1.66,0.5841799242578088,0.001075820075742191,
1.67,0.5845850526530473,0.0010854149473469527,
1.68,0.5849868042043537,0.0010950131957956463,
1.69,0.5853852343780735,0.0011046147656219264,
1.7,0.5857803973041635,0.0011142196026958364,
1.71,0.5861723458183103,0.0011238276541816897,
1.72,0.5865611315024182,0.0011334388684975819,
1.73,0.5869468047235405,0.0011430531952764595,
1.74,0.5873294146713252,0.0011526705853286748,
1.75,0.5877090093940414,0.0011622909906059587,
1.76,0.588085635833251,0.001171914364166749,
1.77,0.5884593398571852,0.0011815406601428148,
1.78,0.5888301662928832,0.0011911698337071167,
1.79,0.5891981589571468,0.0012008018410428532,
1.8,0.5895633606863636,0.0012104366393136364,
1.81,0.5899258133652473,0.0012200741866347528,
1.82,0.5902855579545403,0.0012297144420454597,
1.83,0.5906426345177249,0.001239357365482275,
1.84,0.590997082246784,0.001249002917753216,
1.85,0.5913489394870511,0.001258651060512949,
1.86,0.5916982437611881,0.0012683017562388121,
1.87,0.5920450317923271,0.001277954968207673,
1.88,0.5923893395264114,0.0012876106604735886,
1.89,0.5927312021537661,0.0012972687978462338,
1.9,0.5930706541299328,0.0013069293458700673,
1.91,0.5934077291957964,0.0013165922708042036,
1.92,0.5937424603970319,0.0013262575396029682,
1.93,0.5940748801029004,0.0013359251198970996,
1.94,0.5944050200244184,0.0013455949799755815,
1.95,0.5947329112319258,0.0013552670887680741,
1.96,0.5950585841720757,0.0013649414158279243,
1.97,0.5953820686842692,0.0013746179313157308,
1.98,0.5957033940165574,0.0013842966059834426,
1.99,0.5960225888410272,0.0013939774111589728,
2,0.5963396812686969,0.0014036603187313032,
2.01,0.5966546988639346,0.0014133453011360652,
2.02,0.5969676686584209,0.0014230323313415792,
2.03,0.59727861716467,0.00143272138283533,
2.04,0.5975875703891304,0.0014424124296108698,
2.05,0.5978945538448749,0.001452105446155125,
2.06,0.5981995925639003,0.0014618004074360997,
2.07,0.5985027111090467,0.0014714972888909533,
2.08,0.598803933585555,0.001481196066414445,
2.09,0.5991032836522701,0.0014908967163477299,
2.1,0.5994007845325086,0.0015005992154674915,
2.11,0.5996964590245976,0.0015103035409754022,
2.12,0.5999903295121006,0.0015200096704878995,
2.13,0.6002824179737377,0.0015297175820262621,
2.14,0.600572745993015,0.001539427254006985,
2.15,0.6008613347675699,0.0015491386652324302,
2.16,0.6011482051182434,0.0015588517948817568,
2.17,0.6014333774978909,0.001568566622502109,
2.18,0.6017168719999361,0.001578283128000064,
2.19,0.6019987083666802,0.0015880012916333198,
2.2,0.602278905997376,0.0015977210940026241,
2.21,0.6025574839560688,0.001607442516043931,
2.22,0.6028344609792191,0.0016171655390207812,
2.23,0.6031098583381796,0.0016268901416618205,
2.24,0.603383688223692,0.0016366163117763081,
2.25,0.6036559715056462,0.001646344028494354,
2.26,0.6039267256809321,0.0016560732743190678,
2.27,0.6041959679541036,0.0016658040320458964,
2.28,0.6044637152436876,0.0016755362847563123,
2.29,0.6047299841884411,0.0016852700158115589,
2.3,0.6049947911534395,0.0016950052088465604,
2.31,0.6052581522360001,0.001704741847764,
2.32,0.6055200832714495,0.0017144799167285504,
2.33,0.6057805998387354,0.0017242194001612647,
2.34,0.6060397172658919,0.001733960282734108,
2.35,0.6062974506353591,0.001743702549364641,
2.36,0.6065538147891653,0.0017534461852108346,
2.37,0.6068088243339725,0.0017631911756660276,
2.38,0.6070624936459921,0.0017729375063540078,
2.39,0.6073148368757736,0.0017826851631242266,
2.4,0.6075658679528702,0.0017924341320471298,
2.41,0.6078156005903846,0.0018021843994096155,
2.42,0.6080640482894006,0.0018119359517105992,
2.43,0.6083112243433022,0.001821688775656698,
2.44,0.6085571418419818,0.0018314428581580181,
2.45,0.608801813675947,0.0018411981863240532,
2.46,0.6090452525403208,0.0018509547474596791,
2.47,0.6092874709387459,0.0018607125290612543,
2.48,0.60952848118719,0.0018704715188128098,
2.49,0.6097682954176598,0.0018802317045823406,
2.5,0.6100069255818213,0.0018899930744181786,
2.51,0.6102443834545359,0.001899755616545464,
2.52,0.6104806806373065,0.0019095193193626936,
2.53,0.6107158285616436,0.0019192841714383562,
2.54,0.6109498384923492,0.0019290501615076509,
2.55,0.6111827215307223,0.0019388172784692776,
2.56,0.6114144886176887,0.0019485855113823114,
2.57,0.6116451505368559,0.001958354849463144,
2.58,0.6118747179174963,0.001968125282082504,
2.59,0.612103201237461,0.001977896798762539,
2.6,0.6123306108260241,0.001987669389173976,
2.61,0.6125569568666629,0.001997443043133337,
2.62,0.6127822493997713,0.0020072177506002286,
2.63,0.6130064983253132,0.002016993501674687,
2.64,0.6132297134054121,0.002026770286594588,
2.65,0.6134519042668852,0.0020365480957331146,
2.66,0.6136730804037164,0.002046326919596284,
2.67,0.6138932511794749,0.002056106748820525,
2.68,0.6141124258296797,0.0020658875741703204,
2.69,0.6143306134641102,0.0020756693865358897,
2.7,0.6145478230690652,0.002085452176930935,
2.71,0.6147640635095724,0.0020952359364904277,
2.72,0.6149793435315474,0.002105020656468453,
2.73,0.6151936717639074,0.0021148063282360927,
2.74,0.6154070567206359,0.0021245929432793646,
2.75,0.6156195068028045,0.0021343804931971957,
2.76,0.6158310303005492,0.0021441689696994506,
2.77,0.616041635395004,0.002153958364604996,
2.78,0.6162513301601935,0.002163748669839806,
2.79,0.6164601225648844,0.002173539877435116,
2.8,0.6166680204743966,0.002183331979525603,
2.81,0.6168750316523774,0.002193124968347623,
2.82,0.6170811637625359,0.002202918836237464,
2.83,0.6172864243703424,0.0022127135756296575,
2.84,0.6174908209446917,0.002222509179055308,
2.85,0.6176943608595302,0.00223230563914047,
2.86,0.6178970513954509,0.002242102948604549,
2.87,0.6180988997412544,0.002251901100258746,
2.88,0.6182999129954762,0.002261700087004524,
2.89,0.6185000981678853,0.002271499901832115,
2.9,0.61869946218095,0.00228130053781905,
2.91,0.6188980118712731,0.002291101988128727,
2.92,0.6190957539910008,0.002300904246008999,
2.93,0.619292695209199,0.002310707304790801,
2.94,0.6194888421132054,0.0023205111578867947,
2.95,0.6196842012099517,0.0023303157987900483,
2.96,0.6198787789272608,0.0023401212210727392,
2.97,0.6200725816151177,0.0023499274183848826,
2.98,0.6202656155469147,0.0023597343844530853,
2.99,0.620457886920672,0.002369542113079328,
3,0.6206494018602351,0.002379350598139765,
3.01,0.6208401664164466,0.0023891598335835534,
3.02,0.621030186568298,0.002398969813431702,
3.03,0.6212194682240554,0.0024087805317759446,
3.04,0.6214080172223666,0.0024185919827776335,
3.05,0.6215958393333447,0.0024284041606666552,
3.06,0.6217829402596318,0.0024382170597403684,
3.07,0.6219693256374408,0.002448030674362559,
3.08,0.6221550010375796,0.0024578449989624204,
3.09,0.6223399719664535,0.0024676600280335464,
3.1,0.62252424386705,0.0024774757561329503,
3.11,0.6227078221199035,0.0024872921778800964,
3.12,0.6228907120440433,0.0024971092879559568,
3.13,0.6230729188979235,0.0025069270811020764,
3.14,0.6232544478803336,0.0025167455521196667,
3.15,0.623435304131295,0.002526564695868705,
3.16,0.6236154927329387,0.0025363845072670613,
3.17,0.6237950187103677,0.0025462049812896323,
3.18,0.6239738870325026,0.0025560261129674976,
3.19,0.6241521026129127,0.0025658478973870874,
3.2,0.6243296703106309,0.0025756703296893695,
3.21,0.6245065949309551,0.002585493405069045,
3.22,0.6246828812262329,0.002595317118773767,
3.23,0.6248585338966338,0.002605141466103366,
3.24,0.625033557590907,0.0026149664424090936,
3.25,0.6252079569071247,0.0026247920430928755,
3.26,0.6253817363934134,0.0026346182636065862,
3.27,0.6255549005486718,0.0026444450994513283,
3.28,0.6257274538232742,0.002654272546176726,
3.29,0.6258994006197641,0.002664100599380236,
3.3,0.6260707452935339,0.002673929254706466,
3.31,0.6262414921534922,0.002683758507846508,
3.32,0.626411645462721,0.002693588354537279,
3.33,0.6265812094391197,0.0027034187905608806,
3.34,0.6267501882560389,0.002713249811743961,
3.35,0.6269185860429034,0.0027230814139570965,
3.36,0.6270864068858227,0.002732913593114177,
3.37,0.6272536548281933,0.002742746345171807,
3.38,0.6274203338712886,0.0027525796661287114,
3.39,0.6275864479748396,0.0027624135520251604,
3.4,0.6277520010576064,0.0027722479989423935,
3.41,0.627916996997938,0.002782083003002062,
3.42,0.6280814396343244,0.0027919185603656757,
3.43,0.6282453327659383,0.002801754667234062,
3.44,0.6284086801531685,0.0028115913198468313,
3.45,0.6285714855181433,0.002821428514481857,
3.46,0.6287337525452461,0.002831266247454754,
3.47,0.6288954848816214,0.002841104515118379,
3.48,0.6290566861376734,0.0028509433138623266,
3.49,0.6292173598875557,0.0028607826401124445,
3.5,0.6293775096696529,0.0028706224903303473,
3.51,0.6295371389870547,0.0028804628610129453,
3.52,0.6296962513080208,0.0028903037486919794,
3.53,0.6298548500664412,0.002900145149933559,
3.54,0.6300129386622851,0.002909987061337715,
3.55,0.6301705204620457,0.002919829479537954,
3.56,0.6303275987991755,0.0029296724012008247,
3.57,0.6304841769745165,0.0029395158230254835,
3.58,0.630640258256722,0.0029493597417432783,
3.59,0.6307958458826718,0.0029592041541173283,
3.6,0.630950943057882,0.002969049056942118,
3.61,0.6311055529569066,0.0029788944470430932,
3.62,0.6312596787237335,0.0029887403212762666,
3.63,0.6314133234721742,0.0029985866765278256,
3.64,0.6315664902862475,0.0030084335097137526,
3.65,0.6317191822205565,0.0030182808177794435,
3.66,0.6318714023006602,0.00302812859769934,
3.67,0.6320231535234396,0.0030379768464765602,
3.68,0.6321744388574569,0.003047825561142543,
3.69,0.6323252612433103,0.0030576747387566897,
3.7,0.6324756235939824,0.0030675243764060178,
3.71,0.6326255287951841,0.003077374471204816,
3.72,0.6327749797056923,0.0030872250202943078,
3.73,0.6329239791576832,0.003097076020842317,
3.74,0.6330725299570593,0.003106927470042941,
3.75,0.6332206348837732,0.003116779365116227,
3.76,0.6333682966921448,0.003126631703307855,
3.77,0.633515518111174,0.003136484481888826,
3.78,0.6336623018448498,0.00314633769815515,
3.79,0.6338086505724533,0.003156191349427547,
3.8,0.6339545669488565,0.0031660454330511433,
3.81,0.634100053604818,0.003175899946395182,
3.82,0.6342451131472714,0.0031857548868527287,
3.83,0.6343897481596121,0.003195610251840388,
3.84,0.6345339612019792,0.0032054660387980205,
3.85,0.6346777548115313,0.003215322245188469,
3.86,0.6348211315027213,0.0032251788684972784,
3.87,0.6349640937675651,0.003235035906232435,
3.88,0.6351066440759056,0.0032448933559240944,
3.89,0.6352487848756759,0.0032547512151243243,
3.9,0.6353905185931558,0.0032646094814068444,
3.91,0.6355318476332253,0.003274468152366775,
3.92,0.6356727743796153,0.003284327225620385,
3.93,0.6358133011951538,0.0032941866988048466,
3.94,0.6359534304220078,0.003304046569577992,
3.95,0.6360931643819242,0.003313906835618076,
3.96,0.6362325053764648,0.0033237674946235353,
3.97,0.6363714556872385,0.003333628544312762,
3.98,0.6365100175761313,0.0033434899824238687,
3.99,0.6366481932855313,0.003353351806714469,
4,0.6367859850385523,0.0033632140149614477,
4.01,0.6369233950392527,0.0033730766049607473,
4.02,0.6370604254728516,0.0033829395745271482,
4.03,0.6371970785059432,0.003392802921494057,
4.04,0.6373333562867063,0.003402666643713294,
4.05,0.637469260945112,0.003412530739054888,
4.06,0.637604794593128,0.0034223952054068716,
4.07,0.6377399593249209,0.0034322600406750795,
4.08,0.6378747572170539,0.0034421252427829464,
4.09,0.6380091903286836,0.0034519908096713164,
4.1,0.6381432607017535,0.003461856739298246,
4.11,0.6382769703611847,0.0034717230296388156,
4.12,0.6384103213150626,0.0034815896786849375,
4.13,0.6385433155548247,0.0034914566844451754,
4.14,0.6386759550554417,0.003501324044944558,
4.15,0.6388082417755986,0.003511191758224402,
4.16,0.6389401776578726,0.0035210598223421275,
4.17,0.639071764628909,0.003530928235371091,
4.18,0.6392030045995936,0.0035407969954004063,
4.19,0.6393338994652242,0.0035506661005347763,
4.2,0.6394644511056793,0.003560535548894321,
4.21,0.6395946613855833,0.003570405338614417,
4.22,0.6397245321544722,0.0035802754678455275,
4.23,0.6398540652469534,0.003590145934753047,
4.24,0.6399832624828676,0.0036000167375171326,
4.25,0.6401121256674446,0.0036098878743325556,
4.26,0.6402406565914597,0.00361975934340854,
4.27,0.6403688570313868,0.003629631142968613,
4.28,0.6404967287495499,0.0036395032712504506,
4.29,0.6406242734942724,0.003649375726505728,
4.3,0.6407514930000248,0.003659248506999975,
4.31,0.64087838898757,0.00366912161101243,
4.32,0.6410049631641065,0.0036789950368358937,
4.33,0.6411312172234113,0.003688868782776589,
4.34,0.6412571528459784,0.0036987428471540215,
4.35,0.6413827716991578,0.0037086172283008418,
4.36,0.641508075437292,0.0037184919245627085,
4.37,0.6416330657018494,0.003728366934298151,
4.38,0.6417577441215581,0.003738242255878442,
4.39,0.6418821123125367,0.003748117887687463,
4.4,0.6420061718784236,0.003757993828121577,
4.41,0.6421299244105051,0.003767870075589495,
4.42,0.6422533714878413,0.0037777466285121588,
4.43,0.6423765146773905,0.0037876234853226093,
4.44,0.6424993555341332,0.0037975006444658675,
4.45,0.6426218956011913,0.0038073781043988088,
4.46,0.6427441364099503,0.0038172558635900496,
4.47,0.6428660794801767,0.003827133920519823,
4.48,0.6429877263201347,0.003837012273679866,
4.49,0.6431090784267021,0.003846890921573298,
4.5,0.6432301372854837,0.0038567698627145165,
4.51,0.6433509043709245,0.003866649095629075,
4.52,0.6434713811464206,0.0038765286188535792,
4.53,0.6435915690644288,0.0038864084309355716,
4.54,0.6437114695665755,0.0038962885304334245,
4.55,0.6438310840837631,0.0039061689159162367,
4.56,0.6439504140362766,0.003916049585963723,
4.57,0.6440694608338875,0.003925930539166113,
4.58,0.6441882258759573,0.003935811774124043,
4.59,0.6443067105515388,0.003945693289448461,
4.6,0.6444249162394783,0.003955575083760521,
4.61,0.6445428443085133,0.003965457155691487,
4.62,0.6446604961173719,0.003975339503882628,
4.63,0.6447778730148693,0.003985222126985131,
4.64,0.6448949763400046,0.0039951050236599955,
4.65,0.6450118074220544,0.004004988192577946,
4.66,0.6451283675806668,0.004014871632419334,
4.67,0.6452446581259547,0.004024755341874045,
4.68,0.6453606803585857,0.004034639319641414,
4.69,0.6454764355698742,0.004044523564430126,
4.7,0.645591925041869,0.0040544080749581315,
4.71,0.6457071500474423,0.004064292849952558,
4.72,0.6458221118503767,0.004074177888149623,
4.73,0.6459368117054513,0.004084063188294549,
4.74,0.6460512508585265,0.004093948749141474,
4.75,0.646165430546629,0.004103834569453371,
4.76,0.6462793519980335,0.004113720648001967,
4.77,0.6463930164323457,0.004123606983567654,
4.78,0.6465064250605836,0.004133493574939417,
4.79,0.6466195790852572,0.004143380420914743,
4.8,0.6467324797004481,0.004153267520299552,
4.81,0.6468451280918878,0.004163154871908112,
4.82,0.6469575254370349,0.004173042474562965,
4.83,0.6470696729051524,0.004182930327094847,
4.84,0.6471815716573822,0.0041928184283426175,
4.85,0.6472932228468213,0.004202706777153178,
4.86,0.6474046276185946,0.004212595372381406,
4.87,0.6475157871099289,0.004222484212890071,
4.88,0.6476267024502241,0.004232373297549776,
4.89,0.647737374761126,0.004242262625238874,
4.9,0.6478478051565957,0.004252152194843405,
4.91,0.6479579947429803,0.00426204200525702,
4.92,0.6480679446190815,0.004271932055380919,
4.93,0.6481776558762242,0.004281822344123776,
4.94,0.6482871295983236,0.0042917128704016766,
4.95,0.648396366861952,0.004301603633138048,
4.96,0.6485053687364055,0.004311494631263594,
4.97,0.6486141362837683,0.004321385863716232,
4.98,0.6487226705589777,0.004331277329441023,
4.99,0.6488309726098878,0.0043411690273901125,
5,0.6489390434773328,0.004351060956522667,
5.01,0.6490468841951889,0.004360953115804811,
5.02,0.649154495790437,0.004370845504209563,
5.03,0.6492618792832227,0.004380738120716778,
5.04,0.6493690356869168,0.004390630964313083,
5.05,0.6494759660081759,0.004400524033991824,
5.06,0.6495826712470002,0.0044104173287529995,
5.07,0.6496891523967928,0.0044203108476032075,
5.08,0.6497954104444169,0.004430204589555583,
5.09,0.6499014463702536,0.004440098553629746,
5.1,0.6500072611482575,0.004449992738851743,
5.11,0.6501128557460133,0.004459887144253987,
5.12,0.6502182311247908,0.004469781768875209,
5.13,0.6503233882395997,0.0044796766117604,
5.14,0.6504283280392436,0.0044895716719607565,
5.15,0.6505330514663735,0.004499466948533627,
5.16,0.6506375594575412,0.004509362440542459,
5.17,0.6507418529432507,0.0045192581470567495,
5.18,0.6508459328480108,0.004529154067151989,
5.19,0.6509498000903866,0.004539050199909614,
5.2,0.6510534555830493,0.004548946544416951,
5.21,0.6511569002328269,0.004558843099767174,
5.22,0.651260134940754,0.004568739865059246,
5.23,0.6513631606021208,0.00457863683939788,
5.24,0.6514659781065214,0.004588534021893479,
5.25,0.6515685883379023,0.004598431411662098,
5.26,0.6516709921746101,0.00460832900782539,
5.27,0.6517731904894376,0.004618226809510562,
5.28,0.6518751841496719,0.004628124815850328,
5.29,0.6519769740171392,0.004638023025982861,
5.3,0.652078560948251,0.004647921439051749,
5.31,0.6521799457940497,0.00465782005420595,
5.32,0.6522811294002521,0.004667718870599748,
5.33,0.6523821126072947,0.0046776178873927056,
5.34,0.652482896250377,0.004687517103749623,
5.35,0.6525834811595052,0.004697416518840494,
5.36,0.6526838681595342,0.004707316131840466,
5.37,0.6527840580702107,0.00471721594192979,
5.38,0.6528840517062154,0.004727115948293784,
5.39,0.6529838498772041,0.004737016150122795,
5.4,0.653083453387849,0.004746916546612152,
5.41,0.6531828630378792,0.004756817136962121,
5.42,0.6532820796221214,0.004766717920377879,
5.43,0.6533811039305393,0.004776618896069461,
5.44,0.653479936748274,0.004786520063251727,
5.45,0.6535785788556818,0.004796421421144319,
5.46,0.653677031028374,0.004806322968971626,
5.47,0.6537752940372545,0.004816224705962745,
5.48,0.6538733686485583,0.0048261266313514425,
5.49,0.6539712556238885,0.004836028744376112,
5.5,0.6540689557202538,0.004845931044279746,
5.51,0.6541664696901051,0.0048558335303098945,
5.52,0.6542637982813722,0.004865736201718628,
5.53,0.6543609422374995,0.004875639057762501,
5.54,0.6544579022974824,0.004885542097702518,
5.55,0.6545546791959013,0.004895445320804099,
5.56,0.654651273662958,0.004905348726337042,
5.57,0.6547476864245101,0.00491525231357549,
5.58,0.6548439182021044,0.004925156081797896,
5.59,0.6549399697130119,0.004935060030286988,
5.6,0.655035841670261,0.004944964158329739,
5.61,0.6551315347826706,0.004954868465217329,
5.62,0.6552270497548838,0.004964772950245116,
5.63,0.6553223872873997,0.0049746776127126005,
5.64,0.6554175480766067,0.004984582451923393,
5.65,0.6555125328148134,0.004994487467185187,
5.66,0.6556073421902813,0.005004392657809719,
5.67,0.655701976887256,0.005014298023112744,
5.68,0.6557964375859979,0.005024203562414002,
5.69,0.6558907249628132,0.005034109275037188,
5.7,0.6559848396900846,0.005044015160309915,
5.71,0.6560787824363017,0.005053921217563698,
5.72,0.6561725538660902,0.005063827446133909,
5.73,0.6562661546402425,0.005073733845359758,
5.74,0.656359585415746,0.0050836404145842545,
5.75,0.6564528468458131,0.005093547153154187,
5.76,0.6565459395799096,0.00510345406042009,
5.77,0.6566388642637833,0.005113361135736216,
5.78,0.6567316215394922,0.005123268378460508,
5.79,0.6568242120454325,0.005133175787954567,
5.8,0.6569166364163664,0.005143083363583633,
5.81,0.6570088952834497,0.00515299110471655,
5.82,0.6571009892742585,0.005162899010725742,
5.83,0.6571929190128171,0.005172807080987183,
5.84,0.6572846851196232,0.005182715314880377,
5.85,0.657376288211676,0.005192623711788324,
5.86,0.6574677289025018,0.005202532271097499,
5.87,0.6575590078021789,0.005212440992197821,
5.88,0.6576501255173651,0.005222349874482635,
5.89,0.6577410826513221,0.005232258917348678,
5.9,0.6578318798039408,0.00524216812019606,
5.91,0.6579225175717662,0.005252077482428234,
5.92,0.6580129965480235,0.005261987003451977,
5.93,0.6581033173226402,0.00527189668267736,
5.94,0.658193480482273,0.0052818065195177274,
5.95,0.6582834866103301,0.00529171651338967,
5.96,0.6583733362869956,0.005301626663713004,
5.97,0.6584630300892539,0.005311536969910746,
5.98,0.6585525685909118,0.005321447431409089,
5.99,0.658641952362623,0.005331358047637377,
6,0.6587311819719102,0.00534126881802809,
6.01,0.6588202579831882,0.005351179742016812,
6.02,0.6589091809577869,0.005361090819042212,
6.03,0.6589979514539731,0.005371002048546027,
6.04,0.6590865700269731,0.005380913429973027,
6.05,0.6591750372289944,0.005390824962771006,
6.06,0.6592633536092479,0.005400736646390751,
6.07,0.6593515197139689,0.005410648480286031,
6.08,0.6594395360864392,0.005420560463913561,
6.09,0.6595274032670078,0.0054304725967329924,
6.1,0.6596151217931118,0.005440384878206888,
6.11,0.6597026921992981,0.005450297307800702,
6.12,0.6597901150172434,0.005460209884982757,
6.13,0.6598773907757741,0.005470122609224226,
6.14,0.6599645200008881,0.005480035479999112,
6.15,0.6600515032157734,0.005489948496784227,
6.16,0.6601383409408292,0.005499861659059171,
6.17,0.6602250336936846,0.005509774966306316,
6.18,0.6603115819892188,0.005519688418010781,
6.19,0.6603979863395808,0.00552960201366042,
6.2,0.6604842472542077,0.005539515752745793,
6.21,0.6605703652398449,0.005549429634760155,
6.22,0.660656340800564,0.005559343659199436,
6.23,0.6607421744377818,0.005569257825562219,
6.24,0.6608278666502795,0.0055791721333497205,
6.25,0.6609134179342201,0.00558908658206578,
6.26,0.6609988287831676,0.0055990011712168325,
6.27,0.6610840996881041,0.005608915900311895,
6.28,0.661169231137449,0.005618830768862552,
6.29,0.6612542236170754,0.005628745776382925,
6.3,0.6613390776103291,0.005638660922389671,
6.31,0.6614237935980445,0.005648576206401955,
6.32,0.6615083720585633,0.005658491627941437,
6.33,0.6615928134677513,0.005668407186532249,
6.34,0.6616771182990147,0.005678322881700985,
6.35,0.6617612870233182,0.005688238712976681,
6.36,0.6618453201092007,0.0056981546798907995,
6.37,0.6619292180227923,0.005708070781977208,
6.38,0.6620129812278309,0.0057179870187721695,
6.39,0.6620966101856782,0.005727903389814322,
6.4,0.662180105355336,0.005737819894644665,
6.41,0.6622634671934625,0.005747736532806537,
6.42,0.6623466961543877,0.0057576533038456125,
6.43,0.6624297926901295,0.00576757020730987,
6.44,0.662512757250409,0.005777487242749592,
6.45,0.6625955902826668,0.005787404409717333,
6.46,0.6626782922320774,0.005797321707767923,
6.47,0.662760863541565,0.0058072391364584345,
6.48,0.6628433046518185,0.005817156695348182,
6.49,0.6629256160013061,0.005827074383998695,
6.5,0.6630077980262912,0.005836992201973709,
6.51,0.663089851160846,0.005846910148839154,
6.52,0.6631717758368663,0.005856828224163133,
6.53,0.663253572484087,0.005866746427515913,
6.54,0.6633352415300954,0.005876664758469905,
6.55,0.6634167834003456,0.005886583216599654,
6.56,0.6634981985181728,0.005896501801481827,
6.57,0.663579487304808,0.005906420512695193,
6.58,0.6636606501793904,0.00591633934982061,
6.59,0.6637416875589826,0.005926258312441018,
6.6,0.6638225998585835,0.0059361774001414165,
6.61,0.6639033874911422,0.005946096612508858,
6.62,0.6639840508675713,0.005956015949132429,
6.63,0.6640645903967601,0.00596593540960324,
6.64,0.6641450064855885,0.005975854993514411,
6.65,0.6642252995389389,0.005985774700461062,
6.66,0.6643054699597106,0.00599569453004029,
6.67,0.6643855181488318,0.006005614481851169,
6.68,0.6644654445052728,0.006015534555494727,
6.69,0.6645452494260584,0.006025454750573942,
6.7,0.6646249333062808,0.006035375066693719,
6.71,0.664704496539112,0.0060452955034608884,
6.72,0.6647839395158163,0.006055216060484183,
6.73,0.6648632626257621,0.0060651367373742385,
6.74,0.664942466256435,0.006075057533743565,
6.75,0.6650215507934488,0.006084978449206552,
6.76,0.6651005166205589,0.006094899483379441,
6.77,0.6651793641196727,0.006104820635880327,
6.78,0.6652580936708624,0.0061147419063291375,
6.79,0.6653367056523763,0.006124663294347623,
6.8,0.6654152004406511,0.006134584799559349,
6.81,0.6654935784103221,0.006144506421589677,
6.82,0.665571839934236,0.0061544281600657644,
6.83,0.6656499853834614,0.006164350014616539,
6.84,0.6657280151273007,0.006174271984872699,
6.85,0.665805929533301,0.006184194070466699,
6.86,0.6658837289672646,0.006194116271032736,
6.87,0.665961413793261,0.00620403858620674,
6.88,0.6660389843736371,0.006213961015626363,
6.89,0.6661164410690282,0.006223883558930971,
6.9,0.6661937842383695,0.006233806215761631,
6.91,0.6662710142389049,0.006243728985761096,
6.92,0.6663481314261999,0.0062536518685738,
6.93,0.66642513615415,0.00626357486384585,
6.94,0.6665020287749929,0.006273497971225008,
6.95,0.6665788096393174,0.006283421190360683,
6.96,0.6666554790960743,0.006293344520903926,
6.97,0.6667320374925866,0.006303267962507414,
6.98,0.6668084851745596,0.006313191514825441,
6.99,0.6668848224860907,0.00632311517751391,
7,0.6669610497696794,0.006333038950230321,
7.01,0.6670371673662371,0.006342962832633763,
7.02,0.6671131756150973,0.006352886824384903,
7.03,0.6671890748540249,0.0063628109251459754,
7.04,0.6672648654192256,0.0063727351345807745,
7.05,0.6673405476453563,0.006382659452354644,
7.06,0.6674161218655335,0.0063925838781344665,
7.07,0.667491588411344,0.006402508411588657,
7.08,0.6675669476128528,0.006412433052387147,
7.09,0.667642199798614,0.006422357800201386,
7.1,0.6677173452956779,0.006432282654704322,
7.11,0.6677923844296025,0.006442207615570398,
7.12,0.6678673175244612,0.006452132682475539,
7.13,0.667942144902851,0.006462057855097149,
7.14,0.6680168668859036,0.006471983133114096,
7.15,0.6680914837932925,0.006481908516206708,
7.16,0.6681659959432428,0.006491834004056758,
7.17,0.6682404036525391,0.006501759596347461,
7.18,0.6683147072365346,0.006511685292763465,
7.19,0.6683889070091601,0.006521611092990841,
7.2,0.6684630032829314,0.006531536996717069,
7.21,0.6685369963689591,0.006541463003631041,
7.22,0.6686108865769563,0.006551389113423044,
7.23,0.6686846742152465,0.006561315325784754,
7.24,0.6687583595907727,0.006571241640409228,
7.25,0.6688319430091056,0.006581168056990895,
7.26,0.6689054247744511,0.006591094575225549,
7.27,0.6689788051896587,0.006601021194810341,
7.28,0.6690520845562301,0.00661094791544377,
7.29,0.6691252631743261,0.006620874736825674,
7.3,0.6691983413427752,0.006630801658657225,
7.31,0.6692713193590819,0.006640728680640918,
7.32,0.6693441975194335,0.0066506558024805665,
7.33,0.6694169761187082,0.006660583023881292,
7.34,0.6694896554504831,0.006670510344549517,
7.35,0.669562235807042,0.006680437764192958,
7.36,0.6696347174793815,0.006690365282520619,
7.37,0.6697071007572211,0.006700292899242779,
7.38,0.6697793859290079,0.006710220614070992,
7.39,0.669851573281926,0.006720148426718074,
7.4,0.6699236631019032,0.006730076336898098,
7.41,0.669995655673618,0.0067400043443263825,
7.42,0.6700675512805071,0.006749932448719493,
7.43,0.6701393502047728,0.0067598606497952275,
7.44,0.6702110527273898,0.006769788947272611,
7.45,0.6702826591281128,0.006779717340871887,
7.46,0.6703541696854829,0.006789645830314517,
7.47,0.670425584676835,0.006799574415323165,
7.48,0.6704969043783044,0.006809503095621696,
7.49,0.6705681290648344,0.006819431870935166,
7.5,0.6706392590101825,0.006829360740989818,
7.51,0.6707102944869273,0.006839289705513073,
7.52,0.6707812357664753,0.006849218764233524,
7.53,0.6708520831190677,0.006859147916880933,
7.54,0.6709228368137871,0.006869077163186213,
7.55,0.6709934971185639,0.006879006502881436,
7.56,0.6710640643001828,0.006888935935699817,
7.57,0.6711345386242895,0.006898865461375711,
7.58,0.6712049203553975,0.006908795079644603,
7.59,0.6712752097568935,0.006918724790243106,
7.6,0.6713454070910447,0.006928654592908955,
7.61,0.6714155126190052,0.006938584487380995,
7.62,0.6714855266008213,0.006948514473399179,
7.63,0.6715554492954388,0.006958444550704561,
7.64,0.6716252809607083,0.006968374719039292,
7.65,0.6716950218533924,0.006978304978146608,
7.66,0.6717646722291709,0.006988235327770829,
7.67,0.671834232342647,0.006998165767657353,
7.68,0.6719037024473541,0.007008096297552646,
7.69,0.6719730827957605,0.00701802691720424,
7.7,0.6720423736392763,0.007027957626360724,
7.71,0.6721115752282592,0.007037888424771741,
7.72,0.6721806878120199,0.00704781931218798,
7.73,0.6722497116388286,0.0070577502883611715,
7.74,0.6723186469559198,0.00706768135304408,
7.75,0.6723874940094994,0.007077612505990501,
7.76,0.6724562530447487,0.007087543746955251,
7.77,0.6725249243058317,0.007097475075694168,
7.78,0.6725935080358995,0.007107406491964101,
7.79,0.672662004477097,0.007117337995522903,
7.8,0.672730413870567,0.007127269586129433,
7.81,0.6727987364564572,0.007137201263543542,
7.82,0.6728669724739248,0.007147133027526076,
7.83,0.6729351221611419,0.007157064877838858,
7.84,0.6730031857553012,0.007166996814244699,
7.85,0.6730711634926212,0.007176928836507379,
7.86,0.6731390556083519,0.007186860944391649,
7.87,0.6732068623367796,0.007196793137663221,
7.88,0.6732745839112321,0.007206725416088768,
7.89,0.6733422205640845,0.007216657779435916,
7.9,0.6734097725267633,0.007226590227473237,
7.91,0.6734772400297532,0.007236522759970247,
7.92,0.6735446233026007,0.0072464553766974,
7.93,0.6736119225739194,0.00725638807742608,
7.94,0.6736791380713961,0.007266320861928605,
7.95,0.6737462700217945,0.007276253729978205,
7.96,0.6738133186509611,0.007286186681349039,
7.97,0.6738802841838294,0.0072961197158161704,
7.98,0.6739471668444249,0.007306052833155575,
7.99,0.6740139668558713,0.007315986033144129,
8,0.6740806844403935,0.007325919315559606,
8.01,0.6741473198193231,0.007335852680180677,
8.02,0.6742138732131032,0.007345786126786897,
8.03,0.674280344841294,0.007355719655158705,
8.04,0.6743467349225759,0.007365653265077423,
8.05,0.674413043674755,0.007375586956325246,
8.06,0.674479271314768,0.007385520728685232,
8.07,0.6745454180586867,0.007395454581941314,
8.08,0.6746114841217219,0.007405388515878278,
8.09,0.6746774697182291,0.007415322530281771,
8.1,0.6747433750617118,0.007425256624938288,
8.11,0.6748092003648272,0.007435190799635173,
8.12,0.6748749458393893,0.00744512505416061,
8.13,0.6749406116963752,0.007455059388303625,
8.14,0.6750061981459273,0.007464993801854073,
8.15,0.6750717053973595,0.007474928294602641,
8.16,0.6751371336591607,0.0074848628663408395,
8.17,0.675202483138999,0.007494797516861001,
8.18,0.6752677540437267,0.007504732245956273,
8.19,0.6753329465793838,0.007514667053420616,
8.2,0.6753980609512027,0.007524601939048797,
8.21,0.6754630973636121,0.007534536902636389,
8.22,0.6755280560202417,0.0075444719439797595,
8.23,0.6755929371239254,0.007554407062876075,
8.24,0.6756577408767072,0.007564342259123293,
8.25,0.6757224674798425,0.007574277532520157,
8.26,0.6757871171338055,0.007584212882866194,
8.27,0.6758516900382902,0.007594148309961709,
8.28,0.6759161863922167,0.007604083813607783,
8.29,0.6759806063937339,0.007614019393606265,
8.3,0.6760449502402239,0.007623955049759777,
8.31,0.6761092181283059,0.007633890781871695,
8.32,0.6761734102538404,0.00764382658974616,
8.33,0.6762375268119322,0.007653762473188068,
8.34,0.6763015679969356,0.0076636984320030644,
8.35,0.6763655340024568,0.007673634465997543,
8.36,0.6764294250213594,0.00768357057497864,
8.37,0.6764932412457663,0.007693506758754233,
8.38,0.6765569828670651,0.007703443017132936,
8.39,0.6766206500759109,0.00771337934992409,
8.4,0.6766842430622302,0.00772331575693777,
8.41,0.676747762015225,0.0077332522379847755,
8.42,0.676811207123376,0.007743188792876624,
8.43,0.6768745785744464,0.007753125421425554,
8.44,0.6769378765554857,0.007763062123444514,
8.45,0.677001101252833,0.007772998898747167,
8.46,0.677064252852121,0.00778293574714788,
8.47,0.6771273315382792,0.007792872668461722,
8.48,0.6771903374955375,0.007802809662504463,
8.49,0.6772532709074298,0.00781274672909257,
8.5,0.6773161319567977,0.007822683868043202,
8.51,0.6773789208257934,0.007832621079174207,
8.52,0.677441637695884,0.007842558362304115,
8.53,0.6775042827478537,0.007852495717252146,
8.54,0.6775668561618086,0.00786243314383819,
8.55,0.6776293581171793,0.007872370641882821,
8.56,0.6776917887927243,0.007882308211207277,
8.57,0.6777541483665334,0.007892245851633468,
8.58,0.6778164370160312,0.007902183562983969,
8.59,0.6778786549179805,0.00791212134508202,
8.6,0.6779408022484849,0.007922059197751515,
8.61,0.6780028791829925,0.007931997120817007,
8.62,0.6780648858962998,0.0079419351141037,
8.63,0.6781268225625539,0.007951873177437447,
8.64,0.6781886893552559,0.007961811310644745,
8.65,0.6782504864472647,0.007971749513552735,
8.66,0.6783122140107998,0.0079816877859892,
8.67,0.6783738722174437,0.007991626127782557,
8.68,0.6784354612381467,0.008001564538761854,
8.69,0.6784969812432283,0.008011503018756772,
8.7,0.6785584324023812,0.008021441567597619,
8.71,0.6786198148846744,0.008031380185115327,
8.72,0.6786811288585559,0.008041318871141444,
8.73,0.6787423744918558,0.008051257625508144,
8.74,0.6788035519517895,0.008061196448048211,
8.75,0.6788646614049607,0.00807113533859504,
8.76,0.6789257030173639,0.008081074296982635,
8.77,0.6789866769543881,0.008091013323045612,
8.78,0.6790475833808188,0.00810095241661918,
8.79,0.6791084224608425,0.008110891577539157,
8.8,0.6791691943580475,0.008120830805641953,
8.81,0.6792298992354283,0.008130770100764573,
8.82,0.6792905372553885,0.008140709462744611,
8.83,0.6793511085797425,0.008150648891420257,
8.84,0.6794116133697191,0.008160588386630281,
8.85,0.6794720517859649,0.008170527948214035,
8.86,0.6795324239885459,0.008180467576011454,
8.87,0.6795927301369508,0.008190407269863049,
8.88,0.6796529703900942,0.008200347029609907,
8.89,0.6797131449063186,0.008210286855093682,
8.9,0.6797732538433976,0.008220226746156602,
8.91,0.6798332973585385,0.008230166702641461,
8.92,0.6798932756083854,0.008240106724391615,
8.93,0.679953188749021,0.008250046811250978,
8.94,0.6800130369359698,0.00825998696306403,
8.95,0.6800728203242011,0.008269927179675798,
8.96,0.6801325390681311,0.00827986746093187,
8.97,0.6801921933216254,0.008289807806678375,
8.98,0.6802517832380025,0.008299748216761998,
8.99,0.6803113089700352,0.008309688691029965,
9,0.6803707706699542,0.008319629229330047,
9.01,0.68043016848945,0.00832956983151055,
9.02,0.6804895025796759,0.008339510497420323,
9.03,0.68054877309125,0.00834945122690875,
9.04,0.6806079801742582,0.008359392019825742,
9.05,0.6806671239782566,0.008369332876021745,
9.06,0.6807262046522741,0.008379273795347726,
9.07,0.6807852223448141,0.008389214777655186,
9.08,0.6808441772038579,0.008399155822796142,
9.09,0.6809030693768673,0.008409096930623132,
9.1,0.6809618990107856,0.008419038100989214,
9.11,0.6810206662520416,0.008428979333747958,
9.12,0.6810793712465513,0.008438920628753448,
9.13,0.6811380141397197,0.00844886198586028,
9.14,0.6811965950764447,0.008458803404923556,
9.15,0.6812551142011182,0.008468744885798882,
9.16,0.6813135716576286,0.008478686428342371,
9.17,0.6813719675893637,0.008488628032410636,
9.18,0.6814303021392122,0.008498569697860787,
9.19,0.6814885754495671,0.008508511424550433,
9.2,0.6815467876623269,0.008518453212337672,
9.21,0.6816049389188986,0.008528395061081103,
9.22,0.6816630293601997,0.008538336970639802,
9.23,0.6817210591266601,0.00854827894087334,
9.24,0.6817790283582251,0.008558220971641776,
9.25,0.6818369371943575,0.008568163062805643,
9.26,0.6818947857740386,0.00857810521422596,
9.27,0.6819525742357724,0.008588047425764227,
9.28,0.6820103027175861,0.008597989697282413,
9.29,0.6820679713570332,0.008607932028642967,
9.3,0.6821255802911952,0.008617874419708805,
9.31,0.6821831296566842,0.008627816870343316,
9.32,0.6822406195896443,0.008637759380410356,
9.33,0.682298050225755,0.008647701949774246,
9.34,0.6823554217002316,0.008657644578299768,
9.35,0.682412734147829,0.008667587265852171,
9.36,0.6824699877028425,0.008677530012297157,
9.37,0.6825271824991107,0.008687472817500888,
9.38,0.6825843186700171,0.008697415681329984,
9.39,0.6826413963484924,0.008707358603651509,
9.4,0.6826984156670166,0.008717301584332983,
9.41,0.6827553767576205,0.00872724462324238,
9.42,0.6828122797518886,0.008737187720248112,
9.43,0.6828691247809605,0.00874713087521904,
9.44,0.6829259119755327,0.008757074088024466,
9.45,0.6829826414658614,0.008767017358534138,
9.46,0.6830393133817637,0.008776960686618237,
9.47,0.6830959278526201,0.00878690407214738,
9.48,0.6831524850073759,0.008796847514992625,
9.49,0.6832089849745437,0.008806791015025456,
9.5,0.683265427882205,0.008816734572117796,
9.51,0.6833218138580126,0.008826678186141988,
9.52,0.6833781430291914,0.008836621856970808,
9.53,0.6834344155225417,0.008846565584477458,
9.54,0.6834906314644401,0.00885650936853556,
9.55,0.6835467909808419,0.00886645320901916,
9.56,0.6836028941972824,0.008876397105802718,
9.57,0.6836589412388797,0.00888634105876112,
9.58,0.6837149322303355,0.008896285067769665,
9.59,0.6837708672959377,0.008906229132704063,
9.6,0.683826746559562,0.008916173253440438,
9.61,0.6838825701446731,0.008926117429855326,
9.62,0.683938338174328,0.008936061661825671,
9.63,0.6839940507711764,0.008946005949228824,
9.64,0.6840497080574627,0.008955950291942539,
9.65,0.6841053101550283,0.008965894689844971,
9.66,0.6841608571853135,0.008975839142814687,
9.67,0.6842163492693581,0.008985783650730642,
9.68,0.6842717865278048,0.008995728213472194,
9.69,0.6843271690808994,0.0090056728309191,
9.7,0.6843824970484932,0.009015617502951507,
9.71,0.6844377705500454,0.009025562229449956,
9.72,0.6844929897046235,0.009035507010295377,
9.73,0.6845481546309057,0.009045451845369095,
9.74,0.6846032654471825,0.009055396734552818,
9.75,0.684658322271359,0.009065341677728642,
9.76,0.6847133252209554,0.009075286674779045,
9.77,0.6847682744131093,0.00908523172558689,
9.78,0.6848231699645775,0.009095176830035422,
9.79,0.6848780119917371,0.009105121988008263,
9.8,0.6849328006105885,0.009115067199389412,
9.81,0.6849875359367547,0.009125012464063246,
9.82,0.685042218085485,0.009134957781914515,
9.83,0.6850968471716559,0.009144903152828345,
9.84,0.6851514233097723,0.009154848576690227,
9.85,0.6852059466139699,0.00916479405338603,
9.86,0.6852604171980162,0.009174739582801983,
9.87,0.6853148351753119,0.009184685164824688,
9.88,0.6853692006588933,0.009194630799341108,
9.89,0.685423513761433,0.009204576486238568,
9.9,0.685477774595242,0.009214522225404758,
9.91,0.6855319832722709,0.00922446801672773,
9.92,0.6855861399041122,0.009234413860095887,
9.93,0.6856402446020003,0.009244359755398,
9.94,0.6856942974768145,0.009254305702523185,
9.95,0.6857482986390802,0.00926425170136092,
9.96,0.6858022481989693,0.009274197751801033,
9.97,0.6858561462663035,0.009284143853733696,
9.98,0.6859099929505544,0.009294090007049446,
9.99,0.6859637883608455,0.009304036211639156,
10,0.6860175326059534,0.009313982467394047,