RL.R,I(AM1.nA),V(un3),
0,0.00006000000000000001,1.2000000000000004e-19,
100,0.00005995503072920157,0.0029977515364600785,
200,0.000059910128815763483,0.005991012881576348,
300,0.00005986529410846185,0.008979794116269278,
400,0.00005982052645652514,0.011964105291305028,
500,0.00005977582570963246,0.014943956427408115,
600,0.00005973119171791189,0.017919357515373567,
700,0.00005968662433193881,0.020890318516178584,
800,0.00005964212340273424,0.023856849361093696,
900,0.00005959768878176316,0.026818959951793418,
1000,0.000059553320320932855,0.029776660160466425,
1100,0.0000595090178725913,0.032729959829925215,
1200,0.000059464781289525506,0.0356788687737153,
1300,0.00005942061042495987,0.038623396776223916,
1400,0.000059376505132554595,0.04156355359278822,
1500,0.00005933246526640401,0.04449934894980301,
1600,0.00005928849068103504,0.047430792544828036,
1700,0.00005924458123140554,0.05035789404669471,
1800,0.00005920073677290273,0.053280663095612454,
1900,0.00005915695716134159,0.05619910930327451,
2000,0.0000591132422529633,0.059113242252963306,
2100,0.000059069591904433676,0.062023071499655365,
2200,0.00005902600597284155,0.06492860657012571,
2300,0.000058982484315697266,0.06782985696305185,
2400,0.0000589390267909311,0.07072683214911732,
2500,0.00005889563325689172,0.07361954157111464,
2600,0.00005885230357234464,0.07650799464404803,
2700,0.00005880903759647072,0.07939220075523548,
2800,0.000058765835188864584,0.08227216926441042,
2900,0.00005872269620953316,0.08514790950382309,
3000,0.00005867962051889411,0.08801943077834117,
3100,0.000058636607977774386,0.0908867423655503,
3200,0.000058593658447408684,0.0937498535158539,
3300,0.00005855077178943797,0.09660877345257264,
3400,0.00005850794786590798,0.09946351137204358,
3500,0.00005846518653926779,0.10231407644371862,
3600,0.00005842248767236826,0.10516047781026286,
3700,0.000058379851128460636,0.10800272458765219,
3800,0.00005833727677119508,0.11084082586527066,
3900,0.00005829476446461919,0.11367479070600742,
4000,0.00005825231407317656,0.11650462814635312,
4100,0.00005820992546170537,0.11933034719649602,
4200,0.000058167598495436906,0.1221519568404175,
4300,0.00005812533303999416,0.12496946603598744,
4400,0.00005808312896139041,0.12778288371505891,
4500,0.000058040986126027786,0.1305922187835625,
4600,0.00005799890440069588,0.13339748012160052,
4700,0.00005795688365257032,0.13619867658354026,
4800,0.0000579149237492114,0.13899581699810734,
4900,0.00005787302455856266,0.14178891016847853,
5000,0.000057831185948949525,0.14457796487237382,
5100,0.000057789407789077915,0.14736298986214869,
5200,0.000057747689948032864,0.15014399386488544,
5300,0.000057706032295277156,0.1529209855824845,
5400,0.00005766443470064999,0.15569397369175497,
5500,0.00005762289703436558,0.15846296684450537,
5600,0.00005758141916701184,0.16122797366763317,
5700,0.00005754000096954902,0.16398900276321474,
5800,0.00005749864231330839,0.16674606270859432,
5900,0.000057457343069990855,0.169499162056473,
6000,0.00005741610311166572,0.17224830933499716,
6100,0.000057374922310769265,0.17499351304784627,
6200,0.00005733380054010352,0.1777347816743209,
6300,0.00005729273767283489,0.1804721236694299,
6400,0.000057251733582492885,0.18320554746397724,
6500,0.00005721078814296881,0.18593506146464864,
6600,0.000057169901228514486,0.1886606740540978,
6700,0.000057129072713740934,0.19138239359103212,
6800,0.00005708830247361712,0.19410022841029823,
6900,0.00005704759038346868,0.19681418682296695,
7000,0.00005700693631897662,0.19952427711641815,
7100,0.00005696634015617608,0.20223050755442507,
7200,0.000056925801771455056,0.20493288637723822,
7300,0.00005688532104155317,0.20763142180166907,
7400,0.000056844897843560384,0.21032612202117343,
7500,0.00005680453205491579,0.2130169952059342,
7600,0.000056764223553406344,0.2157040495029441,
7700,0.00005672397221716565,0.21838729303608778,
7800,0.000056683777924672744,0.22106673390622372,
7900,0.00005664364055475083,0.22374238019126577,
8000,0.0000566035599865661,0.2264142399462644,
8100,0.0000565635360996265,0.2290823212034873,
8200,0.00005652356877378053,0.23174663197250017,
8300,0.00005648365788921607,0.2344071802402467,
8400,0.00005644380332645911,0.23706397397112827,
8500,0.00005640400496637265,0.23971702110708373,
8600,0.00005636426269015542,0.24236632956766826,
8700,0.00005632457637934077,0.24501190725013236,
8800,0.00005628494591579548,0.2476537620295001,
8900,0.000056245371181718534,0.25029190175864746,
9000,0.000056205852059640036,0.2529263342683802,
9100,0.000056166388432419974,0.2555570673675109,
9200,0.00005612698018324711,0.25818410884293674,
9300,0.00005608762719563781,0.2608074664597158,
9400,0.00005604832935343489,0.26342714796114397,
9500,0.000056009086540806475,0.26604316106883075,
9600,0.00005596989864224489,0.26865551348277544,
9700,0.000055930765542565485,0.2712642128814426,
9800,0.00005589168712690553,0.2738692669218371,
9900,0.00005585266328072308,0.27647068323957924,
10000,0.00005581369388979587,0.27906846944897934,
10100,0.000055774778840220187,0.2816626331431119,
10200,0.000055735918018409765,0.2842531818938898,
10300,0.00005569711131109469,0.28684012325213765,
10400,0.00005565835860532028,0.28942346474766545,
10500,0.000055619659788445996,0.2920032138893415,
10600,0.000055581014748144365,0.29457937816516516,
10700,0.00005554242337239987,0.29715196504233937,
10800,0.0000555038855495079,0.2997209819673427,
10900,0.000055465401168073626,0.3022864363660012,
11000,0.00005542697011701096,0.3048483356435603,
11100,0.00005538859228554149,0.3074066871847553,
11200,0.00005535026756319341,0.3099614983538831,
11300,0.000055311995839800426,0.3125127764948724,
11400,0.000055273777005500764,0.3150605289313544,
11500,0.000055235610950736056,0.3176047629667323,
11600,0.00005519749756625034,0.320145485884252,
11700,0.000055159436743089,0.32268270494707063,
11800,0.00005512142837259771,0.32521642739832646,
11900,0.00005508347234642143,0.32774666046120754,
12000,0.00005504556855650336,0.3302734113390202,
12100,0.00005500771689508393,0.33279668721525774,
12200,0.00005496991725469973,0.33531649525366836,
12300,0.00005493216952818257,0.3378328425983228,
12400,0.0000548944736086584,0.3403457363736821,
12500,0.00005485682938954635,0.34285518368466467,
12600,0.00005481923676455769,0.34536119161671347,
12700,0.00005478169562769484,0.34786376723586226,
12800,0.00005474420587325038,0.35036291758880245,
12900,0.00005470676739580607,0.3528586497029491,
13000,0.00005466938009023182,0.35535097058650683,
13100,0.00005463204385168475,0.3578398872285351,
13200,0.0000545947585756082,0.36032540659901413,
13300,0.00005455752415773072,0.36280753564890933,
13400,0.00005452034049406515,0.3652862813102365,
13500,0.00005448320748090762,0.3677616504961264,
13600,0.00005444612501483658,0.37023365010088877,
13700,0.000054409092992711866,0.37270228700007624,
13800,0.000054372111311673726,0.37516756805054874,
13900,0.00005433517986914188,0.37762950009053603,
14000,0.00005429829856281454,0.3800880899397018,
14100,0.00005426146729066752,0.382543344399206,
14200,0.00005422468595095324,0.38499527025176794,
14300,0.000054187954442199816,0.38744387426172866,
14400,0.000054151272663210136,0.389889163175113,
14500,0.000054114640513060915,0.39233114371969163,
14600,0.00005407805789110176,0.3947698226050429,
14700,0.000054041524696954274,0.39720520652261393,
14800,0.00005400504083051113,0.39963730214578236,
14900,0.000053968606191935125,0.4020661161299167,
15000,0.000053932220681658336,0.40449165511243745,
15100,0.00005389588420038113,0.40691392571287754,
15200,0.00005385959664907134,0.4093329345329422,
15300,0.00005382335792896331,0.4117486881565693,
15400,0.00005378716794155702,0.41416119314998906,
15500,0.0000537510265886172,0.4165704560617833,
15600,0.00005371493377217241,0.4189764834229448,
15700,0.00005367888939451421,0.4213792817469366,
15800,0.00005364289335819623,0.42377885752975014,
15900,0.00005360694556603329,0.42617521724996466,
16000,0.000053571045921100573,0.42856836736880455,
16100,0.000053535194326732706,0.43095831433019827,
16200,0.00005349939068652291,0.4333450645608356,
16300,0.00005346363490432216,0.43572862447022553,
16400,0.000053427926884238254,0.4381090004507537,
16500,0.000053392266530635046,0.4404861988777391,
16600,0.000053356653748131525,0.44286022610949166,
16700,0.000053321088441600994,0.4452310884873683,
16800,0.000053285570516170224,0.4475987923358299,
16900,0.00005325009987721859,0.4499633439624971,
17000,0.00005321467643037725,0.4523247496582066,
17100,0.000053179300081528304,0.454683015697067,
17200,0.00005314397073680396,0.457038148336514,
17300,0.0000531086883025857,0.4593901538173663,
17400,0.00005307345268550345,0.46173903836387997,
17500,0.000053038263792434764,0.46408480818380415,
17600,0.00005300312153050401,0.4664274694684353,
17700,0.00005296802580708154,0.46876702839267165,
17800,0.00005293297652978288,0.4711034911150676,
17900,0.00005289797360646791,0.4734368637778878,
18000,0.00005286301694524009,0.4757671525071608,
18100,0.000052828106454445604,0.4780943634127327,
18200,0.00005279324204267261,0.48041850258832075,
18300,0.0000527584236187504,0.4827395761115662,
18400,0.00005272365109174865,0.48505759004408755,
18500,0.000052688924370976574,0.4873725504315333,
18600,0.00005265424336598219,0.48968446330363435,
18700,0.000052619607986551484,0.49199333467425643,
18800,0.000052585018142707685,0.4942991705414522,
18900,0.000052550473744710416,0.49660197688751345,
19000,0.00005251597470305499,0.4989017596790224,
19100,0.000052481520928471584,0.5011985248669036,
19200,0.0000524471123319245,0.5034922783864751,
19300,0.00005241274882461135,0.5057830261574996,
19400,0.000052378430317962394,0.5080707740842352,
19500,0.00005234415672363965,0.5103555280554867,
19600,0.00005230992795353623,0.5126372939446551,
19700,0.00005227574391977556,0.5149160776097893,
19800,0.00005224160453471059,0.5171918848936349,
19900,0.00005220750971092311,0.519464721623685,
20000,0.00005217345936122295,0.5217345936122295,
20100,0.00005213945339864728,0.5240015066564051,
20200,0.00005210549173645981,0.526265466538244,
20300,0.000052071574288150126,0.5285264790247237,
20400,0.000052037700967432905,0.5307845498678156,
20500,0.000052003871688247195,0.5330396848045338,
20600,0.0000519700863647557,0.5352918895569836,
20700,0.00005193634491134402,0.5375411698324106,
20800,0.00005190264724261997,0.5397875313232476,
20900,0.00005186899327341284,0.5420309797071642,
21000,0.000051835382918772666,0.5442715206471129,
21100,0.00005180181609396954,0.5465091597913786,
21200,0.000051768292714492866,0.5487439027736244,
21300,0.0000517348126960507,0.55097575521294,
21400,0.000051701375954568975,0.553204722713888,
21500,0.00005166798240619087,0.5554308108665518,
21600,0.000051634631967276044,0.5576540252465813,
21700,0.000051601324554399994,0.5598743714152399,
21800,0.000051568060084353323,0.5620918549194512,
21900,0.00005153483847414105,0.5643064812918445,
22000,0.00005150165964098194,0.5665182560508013,
22100,0.00005146852350230779,0.5687271847005011,
22200,0.000051435429975762777,0.5709332727309668,
22300,0.00005140237897920273,0.5731365256181105,
22400,0.00005136937043069451,0.5753369488237785,
22500,0.00005133640424851526,0.5775345477957967,
22600,0.000051303480351151806,0.5797293279680155,
22700,0.000051270598657299937,0.5819212947603543,
22800,0.00005123775908586373,0.5841104535788466,
22900,0.00005120496155595493,0.586296809815684,
23000,0.00005117220598689225,0.5884803688492608,
23100,0.00005113949229820069,0.590661136044218,
23200,0.00005110682040961095,0.592839116751487,
23300,0.00005107419024105869,0.5950143163083338,
23400,0.00005104160171268394,0.5971867400384021,
23500,0.0000510090547448304,0.5993563932517572,
23600,0.00005097654925804483,0.6015232812449289,
23700,0.00005094408517307638,0.6036874093009551,
23800,0.00005091166241087596,0.6058487826894239,
23900,0.000050879280892595586,0.6080074066665172,
24000,0.00005084694053958774,0.6101632864750529,
24100,0.00005081464127340475,0.6123164273445273,
24200,0.00005078238301579815,0.6144668344911576,
24300,0.00005075016568871803,0.616614513117924,
24400,0.00005071798921431242,0.6187594684146115,
24500,0.00005068585351492668,0.6209017055578517,
24600,0.00005065375851310282,0.6230412297111647,
24700,0.00005062170413157898,0.6251780460250004,
24800,0.000050589690293288675,0.6273121596367796,
24900,0.0000505577169213603,0.6294435756709358,
25000,0.00005052578393911644,0.6315722992389554,
25100,0.000050493891270073274,0.6336983354394196,
25200,0.00005046203883793999,0.6358216893580438,
25300,0.000050430226566618145,0.6379423660677196,
25400,0.000050398454380201075,0.6400603706285537,
25500,0.00005036672220297328,0.6421757080879094,
25600,0.000050335029959409836,0.6442883834804459,
25700,0.0000503033775741758,0.6463984018281589,
25800,0.00005027176497212557,0.6485057681404198,
25900,0.00005024019207830236,0.6506104874140155,
26000,0.00005020865881793755,0.6527125646331882,
26100,0.000050177165116450126,0.6548120047696742,
26200,0.00005014571089944607,0.6569088127827435,
26300,0.0000501142960927178,0.6590029936192391,
26400,0.000050082920622243565,0.6610945522136151,
26500,0.000050051584414186877,0.6631834934879761,
26600,0.00005002028739489592,0.6652698223521157,
26700,0.000049989029490902984,0.6673535437035548,
26800,0.00004995781062892388,0.66943466242758,
26900,0.000049926630735857385,0.6715131833972818,
27000,0.000049895489738784644,0.6735891114735927,
27100,0.00004986438756496863,0.6756624515053249,
27200,0.00004983332414185355,0.6777332083292084,
27300,0.00004980229939706432,0.679801386769928,
27400,0.000049771313258405945,0.6818669916401614,
27500,0.00004974036565386302,0.6839300277406165,
27600,0.00004970945651159913,0.685990499860068,
27700,0.00004967858575995631,0.6880484127753949,
27800,0.000049647753327454495,0.6901037712516175,
27900,0.000049616959142790955,0.6921565800419338,
28000,0.00004958620313483977,0.6942068438877567,
28100,0.00004955548523265124,0.6962545675187499,
28200,0.00004952480536545139,0.6982997556528645,
28300,0.000049494163462641376,0.7003424129963755,
28400,0.000049463559453797,0.7023825442439174,
28500,0.00004943299326866812,0.7044201540785208,
28600,0.00004940246483717813,0.7064552471716472,
28700,0.00004937197408942343,0.7084878281832262,
28800,0.0000493415209556729,0.7105179017616897,
28900,0.00004931110536636734,0.712545472544008,
29000,0.000049280727252118975,0.7145705451557252,
29100,0.000049250386543710896,0.7165931242109935,
29200,0.00004922008317209655,0.7186132143126097,
29300,0.000049189817068399226,0.7206308200520487,
29400,0.00004915958816391151,0.7226459460094992,
29500,0.00004912939639009478,0.7246585967538981,
29600,0.00004909924167857869,0.7266687768429647,
29700,0.000049069123961160646,0.7286764908232357,
29800,0.00004903904316980529,0.7306817432300989,
29900,0.000049008999236644,0.7326845385878279,
30000,0.000048978992093974366,0.7346848814096154,
30100,0.000048949021674259686,0.7366827761976082,
30200,0.00004891908791012847,0.7386782274429399,
30300,0.00004888919073437391,0.7406712396257648,
30400,0.000048859330079953415,0.7426618172152919,
30500,0.00004882950587998807,0.744649964669818,
30600,0.00004879971806776216,0.7466356864367609,
30700,0.00004876996657672266,0.7486189869526929,
30800,0.00004874025134047877,0.7505998706433731,
30900,0.000048710572292801364,0.7525783419237811,
31000,0.00004868092936762256,0.7545544051981498,
31100,0.000048651322499035187,0.7565280648599972,
31200,0.00004862175162129231,0.7584993252921601,
31300,0.000048592216668806755,0.7604681908668257,
31400,0.00004856271757615059,0.7624346659455644,
31500,0.000048533254278054705,0.7643987548793616,
31600,0.000048503826709408246,0.7663604620086503,
31700,0.00004847443480525821,0.7683197916633425,
31800,0.000048445078500808916,0.7702767481628618,
31900,0.00004841575773142158,0.7722313358161742,
32000,0.00004838647243261378,0.7741835589218204,
32100,0.00004835722254005903,0.7761334217679474,
32200,0.00004832800798958629,0.7780809286323392,
32300,0.00004829882871717949,0.7800260837824488,
32400,0.0000482696846589771,0.7819688914754289,
32500,0.000048240575751271595,0.7839093559581635,
32600,0.000048211501930509074,0.7858474814672979,
32700,0.00004818246313328872,0.7877832722292705,
32800,0.000048153459296362395,0.7897167324603434,
32900,0.000048124490356634165,0.791647866366632,
33000,0.00004809555625115981,0.7935766781441369,
33100,0.00004806665691714643,0.7955031719787734,
33200,0.00004803779229195193,0.797427352046402,
33300,0.00004800896231308461,0.7993492225128588,
33400,0.0000479801669182027,0.8012687875339851,
33500,0.00004795140604511389,0.8031860512556576,
33600,0.000047922679631774916,0.8051010178138186,
33700,0.0000478939876162911,0.807013691334505,
33800,0.00004786532993691589,0.8089240759338786,
33900,0.00004783670653205046,0.8108321757182553,
34000,0.00004780811734024321,0.8127379947841344,
34100,0.00004777956230018936,0.8146415372182286,
34200,0.00004775104135073053,0.816542807097492,
34300,0.00004772255443085426,0.8184418084891505,
34400,0.00004769410147969361,0.82033854545073,
34500,0.000047665682436526694,0.8222330220300855,
34600,0.000047637297240776295,0.8241252422654299,
34700,0.00004760894583200938,0.8260152101853627,
34800,0.00004758062814993672,0.8279029298088989,
34900,0.000047552344134412415,0.8297884051454966,
35000,0.000047524093725433516,0.8316716401950865,
35100,0.000047495876863139565,0.8335526389480995,
35200,0.000047467693487812204,0.8354314053854948,
35300,0.0000474395435398747,0.8373079434787885,
35400,0.0000474114269598916,0.8391822571900813,
35500,0.00004738334368856824,0.8410543504720862,
35600,0.000047355293666750385,0.8429242272681569,
35700,0.000047327276835423776,0.8447918915123144,
35800,0.00004729929313571374,0.8466573471292759,
35900,0.000047271342508884754,0.8485205980344813,
36000,0.00004724342489634006,0.850381648134121,
36100,0.000047215540239621235,0.8522405013251633,
36200,0.0000471876884804078,0.8540971614953811,
36300,0.000047159869560516786,0.8559516325233797,
36400,0.00004713208342190238,0.8578039182786233,
36500,0.000047104330006655454,0.8596540226214621,
36600,0.00004707660925700322,0.8615019494031589,
36700,0.0000470489211153088,0.8633477024659164,
36800,0.00004702126552407082,0.865191285642903,
36900,0.00004699364242592305,0.8670327027582801,
37000,0.00004696605176363396,0.8688719576272282,
37100,0.00004693849348010636,0.870709054055973,
37200,0.00004691096751837699,0.872543995841812,
37300,0.00004688347382161612,0.8743767867731408,
37400,0.000046856012333127195,0.8762074306294787,
37500,0.0000468285829963464,0.878035931181495,
37600,0.00004680118575484229,0.8798622921910351,
37700,0.00004677382055231541,0.8816865174111455,
37800,0.00004674648733259791,0.8835086105861005,
37900,0.00004671918603965315,0.8853285754514272,
38000,0.00004669191661757531,0.8871464157339308,
38100,0.00004666467901058904,0.8889621351517212,
38200,0.00004663747316304904,0.8907757374142368,
38300,0.000046610299019439725,0.8925872262222707,
38400,0.0000465831565243748,0.894396605267996,
38500,0.000046556045622596913,0.8962038782349906,
38600,0.00004652896625897728,0.8980090487982616,
38700,0.00004650191837851531,0.8998121206242713,
38800,0.00004647490192633822,0.9016130973709614,
38900,0.000046447916847700657,0.9034119826877777,
39000,0.00004642096308798436,0.9052087802156952,
39100,0.00004639404059269779,0.9070034935872419,
39200,0.00004636714930747572,0.9087961264265241,
39300,0.0000463402891780789,0.9105866823492504,
39400,0.0000463134601503937,0.9123751649627561,
39500,0.00004628666217043174,0.9141615778660268,
39600,0.000046259895184329494,0.915945924649724,
39700,0.000046233159138347996,0.9177282088962077,
39800,0.000046206453978872416,0.919508434179561,
39900,0.00004617977965241173,0.921286604065614,
40000,0.00004615313610559838,0.9230627221119676,
40100,0.000046126523285187885,0.924836791868017,
40200,0.0000460999411380585,0.9266088168749758,
40300,0.00004607338961121086,0.9283788006658988,
40400,0.00004604686865176765,0.9301467467657064,
40500,0.0000460203782069732,0.9319126586912074,
40600,0.00004599391822419322,0.9336765399511223,
40700,0.00004596748865091436,0.9354383940461071,
40800,0.000045941089434743905,0.9371982244687757,
40900,0.00004591472052340945,0.9389560347037234,
41000,0.000045888381864758535,0.9407118282275498,
41100,0.00004586207340675826,0.9424656085088823,
41200,0.000045835795097495036,0.9442173790083976,
41300,0.00004580954688517414,0.945967143178846,
41400,0.000045783328718119455,0.9477149044650727,
41500,0.00004575714054477308,0.9494606663040415,
41600,0.00004573098231369503,0.9512044321248567,
41700,0.00004570485397356287,0.9529462053487859,
41800,0.000045678755473171385,0.954685989389282,
41900,0.000045652686761432264,0.956423787652006,
42000,0.00004562664778737374,0.9581596035348486,
42100,0.00004560063850014028,0.959893440427953,
42200,0.000045574658848992244,0.9616253017137364,
42300,0.00004554870878330555,0.9633551907669125,
42400,0.00004552278825257136,0.9650831109545128,
42500,0.00004549689720639573,0.9668090656359093,
42600,0.00004547103559449931,0.9685330581628354,
42700,0.000045445203366717004,0.9702550918794081,
42800,0.00004541940047299764,0.9719751701221496,
42900,0.00004539362686340366,0.9736932962200086,
43000,0.000045367882488110787,0.9754094734943819,
43100,0.000045342167297407705,0.977123705259136,
43200,0.00004531648124169576,0.9788359948206284,
43300,0.000045290824271488604,0.9805463454777282,
43400,0.000045265196337411906,0.9822547605218385,
43500,0.00004523959739020303,0.9839612432369159,
43600,0.000045214027380710706,0.9856657968994934,
43700,0.00004518848625989473,0.9873684247786999,
43800,0.00004516297397882564,0.9890691301362816,
43900,0.00004513749048868443,0.9907679162266232,
44000,0.00004511203574076219,0.9924647862967682,
44100,0.000045086609686459835,0.9941597435864393,
44200,0.00004506121227728778,0.9958527913280599,
44300,0.00004503584346486565,0.9975439327467741,
44400,0.00004501050320092194,0.999233171060467,
44500,0.00004498519143729374,1.0009205094797857,
44600,0.000044959908125926415,1.002605951208159,
44700,0.00004493465321887329,1.0042894994418181,
44800,0.00004490942666829539,1.0059711573698167,
44900,0.00004488422842646107,1.0076509281740509,
45000,0.00004485905844574578,1.00932881502928,
45100,0.000044833916678631727,1.0110048211031453,
45200,0.00004480880307770758,1.0126789495561914,
45300,0.0000447837175956682,1.0143512035418847,
45400,0.00004475866018531429,1.0160215862066342,
45500,0.000044733630799552146,1.0176901006898114,
45600,0.00004470862939139335,1.0193567501237686,
45700,0.00004468365591395448,1.0210215376338598,
45800,0.00004465871032045677,1.02268446633846,
45900,0.000044633792564225896,1.0243455393489844,
46000,0.000044608902598691626,1.0260047597699073,
46100,0.00004458404037738756,1.0276621306987832,
46200,0.00004455920585395082,1.029317655226264,
46300,0.00004453439898212178,1.0309713364361193,
46400,0.00004450961971574377,1.0326231774052554,
46500,0.000044484868008762784,1.0342731812037347,
46600,0.00004446014381522721,1.0359213508947938,
46700,0.00004443544708928752,1.0375676895348636,
46800,0.00004441077778519603,1.039212200173587,
46900,0.00004438613585730657,1.0408548858538391,
47000,0.00004436152126007423,1.0424957496117444,
47100,0.00004433693394805507,1.044134794476697,
47200,0.00004431237387590586,1.0457720234713783,
47300,0.00004428784099838376,1.0474074396117758,
47400,0.00004426333527034607,1.049041045907202,
47500,0.00004423885664674997,1.0506728453603118,
47600,0.0000442144050826522,1.0523028409671225,
47700,0.000044189980533208833,1.0539310357170306,
47800,0.000044165582953674944,1.0555574325928312,
47900,0.000044141212299404405,1.0571820345707355,
48000,0.00004411686852584955,1.0588048446203893,
48100,0.00004409255158856094,1.0604258657048906,
48200,0.00004406826144318709,1.062045100780809,
48300,0.000044043998045474185,1.0636625527982015,
48400,0.00004401976135126582,1.0652782247006327,
48500,0.00004399555131650272,1.066892119425191,
48600,0.0000439713678972225,1.0685042399025066,
48700,0.000043947211049559385,1.0701145890567711,
48800,0.00004392308072974393,1.0717231698057517,
48900,0.00004389897689410276,1.0733299850608125,
49000,0.00004387489949905834,1.0749350377269293,
49100,0.00004385084850112867,1.076538330702709,
49200,0.000043826823856927046,1.0781398668804054,
49300,0.00004380282552316179,1.0797396491459381,
49400,0.00004377885345663599,1.081337680378909,
49500,0.00004375490761424726,1.0829339634526196,
49600,0.00004373098795298744,1.0845285012340886,
49700,0.000043707094429942395,1.0861212965840685,
49800,0.0000436832270022917,1.0877123523570633,
49900,0.00004365938562730843,1.0893016714013453,
50000,0.00004363557026235887,1.0908892565589716,
50100,0.0000436117808649023,1.0924751106658026,
50200,0.000043588017392490704,1.0940592365515167,
50300,0.00004356427980276854,1.0956416370396287,
50400,0.000043540568053472465,1.0972223149475062,
50500,0.00004351688210243113,1.098801273086386,
50600,0.00004349322190756488,1.1003785142613913,
50700,0.000043469587426885516,1.1019540412715478,
50800,0.00004344597861849609,1.1035278569098006,
50900,0.000043422395440590583,1.1050999639630306,
51000,0.00004339883785145374,1.1066703652120704,
51100,0.000043375305809460746,1.108239063431722,
51200,0.00004335179927307704,1.109806061390772,
51300,0.000043328318200858026,1.1113713618520085,
51400,0.00004330486255144889,1.1129349675722364,
51500,0.000043281432283584276,1.114496881302295,
51600,0.000043258027356088116,1.1160571057870734,
51700,0.00004323464772787335,1.1176156437655262,
51800,0.00004321129335794169,1.1191724979706896,
51900,0.000043187964205383394,1.120727671129699,
52000,0.00004316466022937701,1.1222811659638021,
52100,0.00004314138138918916,1.1238329851883775,
52200,0.000043118127644174266,1.1253831315129483,
52300,0.000043094898953774366,1.1269316076411997,
52400,0.000043071695277518835,1.1284784162709935,
52500,0.00004304851657502415,1.130023560094384,
52600,0.0000430253628059937,1.1315670417976342,
52700,0.00004300223393021749,1.1331088640612308,
52800,0.00004297912990757195,1.1346490295598997,
52900,0.000042956050698019716,1.1361875409626216,
53000,0.00004293299626160936,1.137724400932648,
53100,0.00004290996655847515,1.1392596121275154,
53200,0.000042886961548836887,1.1407931771990614,
53300,0.00004286398119299962,1.1423250987934397,
53400,0.00004284102545135341,1.1438553795511361,
53500,0.000042818094284373165,1.1453840221069822,
53600,0.000042795187652618345,1.1469110290901716,
53700,0.000042772305516732765,1.1484364031242746,
53800,0.000042749447837444375,1.1499601468272536,
53900,0.00004272661457556503,1.1514822628114776,
54000,0.000042703805691990264,1.1530027536837373,
54100,0.000042681021147699064,1.1545216220452597,
54200,0.000042658260903753657,1.156038870491724,
54300,0.000042635524921299266,1.157554501613275,
54400,0.00004261281316156393,1.159068517994539,
54500,0.00004259012558585824,1.160580922214637,
54600,0.00004256746215557514,1.1620917168472014,
54700,0.00004254482283218972,1.1636009044603888,
54800,0.00004252220757725896,1.1651084876168953,
54900,0.000042499616352421555,1.1666144688739717,
55000,0.000042477049119397684,1.1681188507834361,
55100,0.00004245450583998876,1.1696216358916902,
55200,0.00004243198647607728,1.171122826739733,
55300,0.00004240949098962654,1.1726224258631737,
55400,0.00004238701934268048,1.1741204357922492,
55500,0.000042364571497363427,1.175616859051835,
55600,0.00004234214741587992,1.1771116981614618,
55700,0.000042319747060514456,1.1786049556353277,
55800,0.00004229737039363132,1.1800966339823138,
55900,0.000042275017377674336,1.1815867357059977,
56000,0.00004225268797516669,1.1830752633046673,
56100,0.00004223038214871071,1.1845622192713352,
56200,0.00004220809986098763,1.1860476060937524,
56300,0.00004218584107475743,1.1875314262544217,
56400,0.000042163605752858595,1.1890136822306123,
56500,0.00004214139385820791,1.1904943764943734,
56600,0.00004211920535380028,1.1919735115125478,
56700,0.00004209704020270848,1.1934510897467854,
56800,0.000042074898368083,1.194927113653557,
56900,0.00004205277981315179,1.1964015856841685,
57000,0.00004203068450122012,1.1978745082847735,
57100,0.0000420086123956703,1.1993458838963873,
57200,0.00004198656345996155,1.2008157149549004,
57300,0.000041964537657629735,1.202284003891092,
57400,0.000041942534952287226,1.2037507531306433,
57500,0.000041920555307622644,1.2052159650941512,
57600,0.000041898598687400705,1.2066796421971404,
57700,0.000041876665055461985,1.2081417868500781,
57800,0.00004185475437572274,1.209602401458387,
57900,0.00004183286661217472,1.211061488422458,
58000,0.00004181100172888493,1.2125190501376628,
58100,0.00004178915968999548,1.2139750889943688,
58200,0.000041767340459723377,1.2154296073779502,
58300,0.0000417455440023603,1.2168826076688026,
58400,0.000041723770282272435,1.2183340922423553,
58500,0.00004170201926390029,1.2197840634690833,
58600,0.000041680290911758456,1.2212325237145227,
58700,0.000041658585190435457,1.2226794753392807,
58800,0.00004163690206459355,1.2241249206990505,
58900,0.00004161524149896852,1.2255688621446228,
59000,0.00004159360345836949,1.2270113020218998,
59100,0.000041571987907678737,1.2284522426719067,
59200,0.000041550394811851506,1.2298916864308047,
59300,0.000041528824135915815,1.231329635629904,
59400,0.000041507275844972265,1.2327660925956765,
59500,0.00004148574990419385,1.234201059649767,
59600,0.00004146424627882578,1.2356345391090082,
59700,0.00004144276493418527,1.2370665332854303,
59800,0.00004142130583566139,1.2384970444862755,
59900,0.00004139986894871485,1.2399260750140095,
60000,0.000041378454238877824,1.2413536271663346,
60100,0.00004135706167175376,1.2427797032362007,
60200,0.00004133569121301722,1.2442043055118184,
60300,0.00004131434282841366,1.2456274362766717,
60400,0.000041293016483759256,1.2470490978095294,
60500,0.000041271712144940754,1.2484692923844578,
60600,0.000041250429777915255,1.2498880222708322,
60700,0.00004122916934871003,1.2513052897333494,
60800,0.000041207930823422376,1.2527210970320402,
60900,0.00004118671416821938,1.2541354464222803,
61000,0.00004116551934933781,1.255548340154803,
61100,0.00004114434633308385,1.2569597804757118,
61200,0.000041123195085833026,1.2583697696264904,
61300,0.00004110206557402991,1.2597783098440167,
61400,0.00004108095776418805,1.2611854033605732,
61500,0.00004105987162288972,1.262591052403859,
61600,0.00004103880711678578,1.263995259197002,
61700,0.000041017764212595485,1.2653980259585706,
61800,0.000040996742877106325,1.2667993549025856,
61900,0.00004097574307717382,1.2681992482385298,
62000,0.00004095476477972139,1.269597708171363,
62100,0.000040933807951740135,1.2709947369015313,
62200,0.0000409128725602887,1.2723903366249787,
62300,0.00004089195857249308,1.2737845095331595,
62400,0.00004087106595554645,1.2751772578130494,
62500,0.00004085019467670901,1.2765685836471565,
62600,0.000040829344703307786,1.2779584892135338,
62700,0.00004080851600273649,1.2793469766857888,
62800,0.00004078770854245532,1.280734048233097,
62900,0.00004076692228999082,1.2821197060202112,
63000,0.00004074615721293569,1.2835039522074743,
63100,0.00004072541327894862,1.284886788950829,
63200,0.000040704690455754144,1.2862682184018308,
63300,0.000040683988711142434,1.2876482427076579,
63400,0.00004066330801296916,1.2890268640111222,
63500,0.00004064264832915533,1.2904040844506817,
63600,0.0000406220096276871,1.2917799061604498,
63700,0.00004060139187661562,1.2931543312702076,
63800,0.00004058079504405688,1.2945273619054145,
63900,0.00004056021909819153,1.2958990001872193,
64000,0.00004053966400726471,1.2972692482324708,
64100,0.00004051912973958592,1.2986381081537288,
64200,0.00004049861626352882,1.300005582059275,
64300,0.00004047812354753109,1.3013716720531245,
64400,0.00004045765156009425,1.302736380235035,
64500,0.000040437200269783524,1.3040997087005186,
64600,0.000040416769645227664,1.3054616595408535,
64700,0.000040396359655118774,1.3068222348430925,
64800,0.00004037597026821219,1.308181436690075,
64900,0.00004035560145332628,1.3095392671604378,
65000,0.000040335253179342304,1.3108957283286249,
65100,0.00004031492541520426,1.3122508222648988,
65200,0.00004029461812991872,1.3136045510353502,
65300,0.00004027433129255466,1.3149569167019097,
65400,0.00004025406487224333,1.316307921322357,
65500,0.000040233818838178075,1.317657566950332,
65600,0.00004021359315961419,1.3190058556353454,
65700,0.00004019338780586876,1.3203527894227887,
65800,0.00004017320274632049,1.3216983703539442,
65900,0.0000401530379504096,1.3230426004659963,
66000,0.0000401328933876376,1.3243854817920409,
66100,0.000040112769027567204,1.3257270163610961,
66200,0.00004009266483982213,1.3270672061981124,
66300,0.00004007258079408695,1.3284060533239823,
66400,0.000040052516860106976,1.3297435597555516,
66500,0.00004003247300768808,1.3310797275056285,
66600,0.000040012449206696514,1.332414558582994,
66700,0.000039992445427058836,1.3337480549924121,
66800,0.00003997246163876167,1.33508021873464,
66900,0.00003995249781185164,1.3364110518064374,
67000,0.00003993255391643514,1.3377405562005773,
67100,0.00003991262992267826,1.3390687339058558,
67200,0.000039892725800806585,1.3403955869071011,
67300,0.00003987284152110505,1.3417211171851848,
67400,0.00003985297705391783,1.3430453267170308,
67500,0.00003983313236964816,1.344368217475625,
67600,0.00003981330743875818,1.3456897914300265,
67700,0.00003979350223176884,1.347010050545375,
67800,0.00003977371671925968,1.348328996782903,
67900,0.00003975395087186875,1.349646632099944,
68000,0.000039734204660292426,1.3509629584499423,
68100,0.00003971447805528527,1.3522779777824636,
68200,0.000039694771027659914,1.3535916920432032,
68300,0.00003967508354828688,1.354904103173997,
68400,0.00003965541558809445,1.35621521311283,
68500,0.00003963576711806851,1.3575250237938465,
68600,0.00003961613810925246,1.3588335371473594,
68700,0.00003959652853274701,1.3601407550998599,
68800,0.00003957693835971005,1.3614466795740257,
68900,0.00003955736756135653,1.3627513124887325,
69000,0.00003953781610895832,1.364054655759062,
69100,0.000039518283973844036,1.3653567112963114,
69200,0.00003949877112739895,1.3666574810080037,
69300,0.00003947927754106479,1.3679569667978948,
69400,0.00003945980318633965,1.369255170565986,
69500,0.000039440348034777845,1.37055209420853,
69600,0.000039420912057989746,1.371847739618043,
69700,0.000039401495227641655,1.3731421086833115,
69800,0.000039382097515455675,1.374435203289403,
69900,0.00003936271889320957,1.3757270253176745,
70000,0.00003934335933273663,1.3770175766457822,
70100,0.00003932401880592552,1.3783068591476895,
70200,0.00003930469728472015,1.3795948746936775,
70300,0.000039285394741119567,1.3808816251503528,
70400,0.000039266111147177765,1.3821671123806574,
70500,0.000039246846475003606,1.3834513382438771,
70600,0.000039227600696760646,1.3847343045956508,
70700,0.000039208373784667024,1.3860160132879795,
70800,0.00003918916571099532,1.3872964661692344,
70900,0.00003916997644807241,1.3885756650841672,
71000,0.00003915080596827937,1.3898536118739175,
71100,0.000039131654244051284,1.3911303083760231,
71200,0.00003911252124787717,1.3924057564244272,
71300,0.00003909340695229983,1.3936799578494887,
71400,0.000039074311329915684,1.3949529144779897,
71500,0.000039055234353374697,1.3962246281331452,
71600,0.000039036175995380206,1.3974951006346112,
71700,0.00003901713622868881,1.3987643337984936,
71800,0.00003899811502611022,1.400032329437357,
71900,0.000038979112360507164,1.4012990893602324,
72000,0.000038960128204795216,1.4025646153726277,
72100,0.00003894116253194271,1.4038289092765346,
72200,0.00003892221531497057,1.4050919728704376,
72300,0.00003890328652695222,1.4063538079493227,
72400,0.00003888437614101342,1.4076144163046858,
72500,0.000038865484130332165,1.408873799724541,
72600,0.000038846610468138565,1.4101319599934299,
72700,0.000038827755127714684,1.4113888988924288,
72800,0.00003880891808239444,1.4126446181991577,
72900,0.00003879009930556349,1.413899119687789,
73000,0.00003877129877065905,1.4151524051290552,
73100,0.000038752516451169845,1.416404476290258,
73200,0.00003873375232063594,1.4176553349352754,
73300,0.00003871500635264861,1.4189049828245714,
73400,0.00003869627852085023,1.4201534217152036,
73500,0.00003867756879893418,1.421400653360831,
73600,0.00003865887716064465,1.422646679511723,
73700,0.00003864020357977659,1.423891501914767,
73800,0.000038621548030175536,1.4251351223134772,
73900,0.00003860291048573753,1.4263775424480019,
74000,0.000038584290920408974,1.4276187640551319,
74100,0.00003856568930818649,1.4288587888683095,
74200,0.000038547105623116856,1.4300976186176355,
74300,0.00003852853983929682,1.431335255029877,
74400,0.00003850999193087303,1.4325716998284768,
74500,0.000038491461872041875,1.43380695473356,
74600,0.0000384729496370494,1.435041021461943,
74700,0.000038454455200191175,1.4362739017271404,
74800,0.00003843597853581215,1.4375055972393744,
74900,0.00003841751961830658,1.4387361097055813,
75000,0.000038399078422117876,1.4399654408294202,
75100,0.00003838065492173849,1.4411935923112804,
75200,0.00003836224909170982,1.4424205658482891,
75300,0.00003834386090662206,1.4436463631343206,
75400,0.00003832549034111412,1.4448709858600022,
75500,0.00003830713736987345,1.4460944357127228,
75600,0.000038288801967636013,1.4473167143766412,
75700,0.00003827048410918608,1.4485378235326931,
75800,0.00003825218376935617,1.4497577648585986,
75900,0.00003823390092302691,1.4509765400288712,
76000,0.00003821563554512694,1.4521941507148235,
76100,0.00003819738761063277,1.4534105985845769,
76200,0.0000381791570945687,1.4546258853030671,
76300,0.00003816094397200666,1.4558400125320543,
76400,0.00003814274821806617,1.4570529819301274,
76500,0.000038124569807914126,1.4582647951527152,
76600,0.00003810640871676478,1.4594754538520913,
76700,0.00003808826491987959,1.4606849596773823,
76800,0.00003807013839256709,1.4618933142745762,
76900,0.0000380520291101828,1.4631005192865283,
77000,0.0000380339370481291,1.4643065763529703,
77100,0.000038015862181855154,1.4655114871105162,
77200,0.00003799780448685675,1.4667152531926706,
77300,0.00003797976393867623,1.4679178762298364,
77400,0.000037961740512902345,1.469119357849321,
77500,0.00003794373418517017,1.470319699675344,
77600,0.00003792574493116099,1.4715189033290461,
77700,0.00003790777272660217,1.4727169704284941,
77800,0.00003788981754726708,1.4739139025886894,
77900,0.00003787187936897497,1.4751097014215748,
78000,0.000037853958167590834,1.4763043685360426,
78100,0.00003783605391902536,1.4774979055379405,
78200,0.00003781816659923478,1.4786903140300798,
78300,0.000037800296184220756,1.4798815956122426,
78400,0.0000377824426500303,1.481071751881188,
78500,0.00003776460597275568,1.4822607844306601,
78600,0.000037746786128534225,1.4834486948513952,
78700,0.000037728983093548356,1.4846354847311278,
78800,0.000037711196844025365,1.4858211556545993,
78900,0.00003769342735623735,1.4870057092035636,
79000,0.00003767567460650113,1.4881891469567945,
79100,0.00003765793857117811,1.489371470490094,
79200,0.00003764021922667417,1.4905526813762973,
79300,0.000037622516549439615,1.4917327811852805,
79400,0.00003760483051596899,1.4929117714839688,
79500,0.000037587161102801046,1.4940896538363415,
79600,0.0000375695082865186,1.4952664298034402,
79700,0.00003755187204374844,1.4964421009433753,
79800,0.00003753425235116121,1.4976166688113324,
79900,0.00003751664918547134,1.4987901349595802,
80000,0.000037499062523436916,1.4999625009374766,
80100,0.00003748149234185958,1.501133768291476,
80200,0.00003746393861758442,1.502303938565135,
80300,0.0000374464013274999,1.5034730132991208,
80400,0.00003742888044853773,1.5046409940312166,
80500,0.000037411375957672774,1.5058078822963292,
80600,0.000037393887831922956,1.506973679626495,
80700,0.000037376416048349136,1.5081383875508878,
80800,0.00003735896058405505,1.509302007595824,
80900,0.000037341521416187164,1.5104645412847708,
81000,0.0000373240985219346,1.5116259901383513,
81100,0.00003730669187852904,1.5127863556743526,
81200,0.00003728930146324462,1.5139456394077317,
81300,0.00003727192725339783,1.5151038428506218,
81400,0.000037254569226347406,1.5162609675123393,
81500,0.00003723722735949425,1.5174170148993906,
81600,0.000037219901630281324,1.518571986515478,
81700,0.00003720259201619355,1.5197258838615064,
81800,0.00003718529849475772,1.5208787084355904,
81900,0.00003716802104354237,1.5220304617330602,
82000,0.000037150759640157745,1.5231811452464676,
82100,0.000037133514262255635,1.5243307604655938,
82200,0.00003711628488752931,1.5254793088774548,
82300,0.00003709907149371343,1.5266267919663075,
82400,0.000037081874058583926,1.5277732112136577,
82500,0.00003706469255995794,1.5289185680982649,
82600,0.00003704752697569368,1.530062864096149,
82700,0.00003703037728369037,1.531206100680597,
82800,0.00003701324346188815,1.5323482793221692,
82900,0.00003699612548826793,1.5334894014887057,
83000,0.00003697902334085138,1.5346294686453323,
83100,0.00003696193699770076,1.5357684822544664,
83200,0.00003694486643691886,1.5369064437758246,
83300,0.00003692781163664892,1.5380433546664278,
83400,0.000036910772575074516,1.5391792163806073,
83500,0.00003689374923041945,1.5403140303700122,
83600,0.00003687674158094771,1.5414477980836143,
83700,0.00003685974960496332,1.5425805209677148,
83800,0.00003684277328081028,1.5437122004659507,
83900,0.00003682581258687248,1.5448428380193004,
84000,0.000036808867501573584,1.5459724350660904,
84100,0.00003679193800337695,1.5471009930420008,
84200,0.00003677502407078555,1.5482285133800717,
84300,0.000036758125682341856,1.5493549975107093,
84400,0.000036741242816627766,1.5504804468616917,
84500,0.000036724375452264516,1.5516048628581758,
84600,0.00003670752356791256,1.5527282469227013,
84700,0.00003669068714227154,1.5538506004751995,
84800,0.00003667386615408012,1.554971924932997,
84900,0.000036657060582115955,1.5560922217108226,
85000,0.0000366402704051956,1.5572114922208127,
85100,0.000036623495602174356,1.5583297378725187,
85200,0.00003660673615194627,1.559446960072911,
85300,0.00003658999203344399,1.560563160226386,
85400,0.00003657326322563869,1.561678339734772,
85500,0.00003655654970753999,1.5627924999973346,
85600,0.00003653985145819586,1.5639056424107827,
85700,0.00003652316845669252,1.5650177683692745,
85800,0.00003650650068215439,1.5661288792644235,
85900,0.00003648984811374397,1.5672389764853034,
86000,0.000036473210730661756,1.5683480614184555,
86100,0.00003645658851214617,1.5694561354478926,
86200,0.00003643998143747346,1.570563199955106,
86300,0.00003642338948595762,1.5716692563190713,
86400,0.000036406812636950295,1.572774305916253,
86500,0.00003639025086984072,1.573878350120611,
86600,0.000036373704164055596,1.5749813903036072,
86700,0.000036357172499059034,1.576083427834209,
86800,0.00003634065585435247,1.5771844640788972,
86900,0.00003632415420947456,1.5782845004016697,
87000,0.00003630766754400112,1.5793835381640484,
87100,0.00003629119583754501,1.580481578725085,
87200,0.000036274739069756084,1.5815786234413653,
87300,0.0000362582972203211,1.582674673667016,
87400,0.00003624187026896361,1.5837697307537097,
87500,0.0000362254581954439,1.5848637960506704,
87600,0.000036209060979558905,1.5859568709046798,
87700,0.00003619267860114212,1.5870489566600818,
87800,0.00003617631104006352,1.5881400546587885,
87900,0.00003615995827622948,1.5892301662402857,
88000,0.00003614362028958269,1.5903192927416385,
88100,0.00003612729706010207,1.591407435497496,
88200,0.00003611098856780269,1.5924945958400984,
88300,0.00003609469479273569,1.593580775099281,
88400,0.00003607841571498821,1.5946659746024792,
88500,0.00003606215131468329,1.5957501956747357,
88600,0.0000360459015719798,1.596833439638705,
88700,0.00003602966646707233,1.5979157078146575,
88800,0.00003601344598019117,1.598997001520488,
88900,0.00003599724009160218,1.600077322071717,
89000,0.00003598104878160673,1.6011566707814995,
89100,0.00003596487203054161,1.602235048960629,
89200,0.000035948709818778965,1.6033124579175417,
89300,0.00003593256212672619,1.6043888989583242,
89400,0.000035916428934825876,1.6054643733867164,
89500,0.000035900310223555725,1.6065388825041185,
89600,0.00003588420597342847,1.6076124276095953,
89700,0.000035868116164991786,1.6086850099998815,
89800,0.000035852040778828226,1.6097566309693874,
89900,0.00003583597979555514,1.6108272918102036,
90000,0.000035819933195824594,1.6118969938121066,
90100,0.00003580390096032328,1.612965738262564,
90200,0.00003578788306977248,1.6140335264467387,
90300,0.000035771879504927925,1.6151003596474958,
90400,0.000035755890246579775,1.6161662391454057,
90500,0.00003573991527555252,1.6172311662187515,
90600,0.00003572395457270489,1.6182951421435314,
90700,0.00003570800811892981,1.619358168193467,
90800,0.00003569207589515429,1.6204202456400048,
90900,0.00003567615788233938,1.6214813757523248,
91000,0.000035660254061480066,1.622541559797343,
91100,0.00003564436441360521,1.6236007990397172,
91200,0.00003562848891977747,1.6246590947418529,
91300,0.000035612627561093244,1.6257164481639066,
91400,0.000035596780318682556,1.6267728605637926,
91500,0.00003558094717370901,1.627828333197187,
91600,0.0000355651281073697,1.6288828673175324,
91700,0.000035549323100895175,1.6299364641760437,
91800,0.000035533532135549296,1.6309891250217128,
91900,0.000035517755192629215,1.6320408511013127,
92000,0.0000355019922534653,1.6330916436594034,
92100,0.00003548624329942101,1.6341415039383373,
92200,0.000035470508311892893,1.6351904331782623,
92300,0.00003545478727231047,1.6362384326171282,
92400,0.000035439080162136156,1.6372855034906906,
92500,0.00003542338696286522,1.6383316470325167,
92600,0.00003540770765602569,1.6393768644739894,
92700,0.00003539204222317827,1.6404211570443128,
92800,0.00003537639064591629,1.641464525970516,
92900,0.000035360752905865644,1.642506972477459,
93000,0.00003534512898468466,1.643548497787837,
93100,0.000035329518864064114,1.6445891031221846,
93200,0.00003531392252572708,1.645628789698882,
93300,0.0000352983399514289,1.6466675587341582,
93400,0.00003528277112295711,1.647705411442097,
93500,0.000035267216022131355,1.648742349034641,
93600,0.00003525167463080334,1.6497783727215962,
93700,0.00003523614693085673,1.6508134837106376,
93800,0.0000352206329042071,1.6518476832073132,
93900,0.00003520513253280187,1.652880972415048,
94000,0.00003518964579862022,1.6539133525351501,
94100,0.00003517417268367301,1.6549448247668153,
94200,0.00003515871317000275,1.6559753903071297,
94300,0.0000351432672396835,1.6570050503510771,
94400,0.0000351278348748208,1.6580338060915414,
94500,0.000035112416057551596,1.6590616587193128,
94600,0.00003509701077004421,1.6600886094230913,
94700,0.00003508161899449824,1.6611146593894919,
94800,0.00003506624071314448,1.6621398098030484,
94900,0.00003505087590824487,1.6631640618462193,
95000,0.000035035524562092445,1.664187416699391,
95100,0.00003502018665701122,1.6652098755408833,
95200,0.00003500486217535616,1.6662314395469533,
95300,0.00003498955109951312,1.6672521098917998,
95400,0.000034974253411898725,1.668271887747569,
95500,0.00003495896909496036,1.6692907742843575,
95600,0.000034943698131176086,1.6703087706702167,
95700,0.00003492844050305454,1.6713258780711597,
95800,0.000034913196193134915,1.6723420976511625,
95900,0.000034897965183986874,1.6733574305721706,
96000,0.000034882747458210475,1.6743718779941028,
96100,0.00003486754299843611,1.675385441074855,
96200,0.00003485235178732445,1.6763981209703058,
96300,0.00003483717380756637,1.6774099188343203,
96400,0.00003482200904188287,1.6784208358187545,
96500,0.00003480685747302505,1.6794308730734586,
96600,0.000034791719083774,1.6804400317462842,
96700,0.00003477659385694075,1.681448312983085,
96800,0.00003476148177536621,1.6824557179277244,
96900,0.00003474638282192112,1.683462247722078,
97000,0.00003473129697950593,1.6844679035060377,
97100,0.000034716224231050825,1.6854726864175176,
97200,0.00003470116455951557,1.6864765975924565,
97300,0.00003468611794788949,1.6874796381648236,
97400,0.00003467108437919141,1.6884818092666218,
97500,0.00003465606383646959,1.6894831120278926,
97600,0.000034641056302801637,1.6904835475767197,
97700,0.00003462606176129445,1.6914831170392342,
97800,0.0000346110801950842,1.6924818215396176,
97900,0.0000345961115873362,1.693479662200107,
98000,0.00003458115592124488,1.6944766401409992,
98100,0.00003456621318003372,1.695472756480654,
98200,0.00003455128334695518,1.6964680123354994,
98300,0.00003453636640529065,1.6974624088200356,
98400,0.00003452146233835038,1.6984559470468388,
98500,0.000034506571129473404,1.699448628126565,
98600,0.0000344916927620275,1.7004404531679558,
98700,0.00003447682721940912,1.7014314232778402,
98800,0.00003446197448504333,1.7024215395611408,
98900,0.00003444713454238374,1.7034108031208761,
99000,0.000034432307374912454,1.7043992150581664,
99100,0.00003441749296613999,1.7053867764722364,
99200,0.00003440269129960525,1.70637348846042,
99300,0.00003438790235887542,1.7073593521181647,
99400,0.00003437312612754596,1.708344368539034,
99500,0.000034358362589240485,1.709328538814714,
99600,0.000034343611727610745,1.710311864035015,
99700,0.00003432887352633656,1.7112943452878775,
99800,0.00003431414796912573,1.7122759836593742,
99900,0.000034299435039714036,1.713256780233716,
100000,0.00003428473472186509,1.7142367360932547,