V1.V,V(V_D),I(D1.nK),
-10,-5.046075777570146,0.004953924222429853,
-9.99,-5.046014243384348,0.004943985756615653,
-9.98,-5.045952606016199,0.004934047393983802,
-9.97,-5.045890865052844,0.004924109134947157,
-9.96,-5.04582902007895,0.00491417097992105,
-9.95,-5.045767070676687,0.004904232929323312,
-9.94,-5.045705016425705,0.004894294983574295,
-9.93,-5.045642856903114,0.0048843571430968865,
-9.92,-5.045580591683466,0.004874419408316534,
-9.91,-5.045518220338736,0.004864481779661264,
-9.9,-5.045455742438294,0.004854544257561706,
-9.89,-5.045393157548892,0.0048446068424511084,
-9.88,-5.045330465234636,0.0048346695347653654,
-9.87,-5.0452676650569686,0.004824732334943031,
-9.86,-5.045204756574647,0.004814795243425352,
-9.85,-5.04514173934372,0.004804858260656281,
-9.84,-5.045078612917504,0.004794921387082497,
-9.83,-5.045015376846564,0.004784984623153436,
-9.82,-5.044952030678692,0.004775047969321309,
-9.81,-5.044888573958877,0.004765111426041124,
-9.8,-5.04482500622929,0.004755174993770711,
-9.79,-5.044761327029256,0.004745238672970743,
-9.78,-5.044697535895233,0.004735302464104766,
-9.77,-5.044633632360784,0.004725366367639216,
-9.76,-5.044569615956559,0.004715430384043442,
-9.75,-5.044505486210264,0.004705494513789736,
-9.74,-5.044441242646644,0.004695558757353357,
-9.73,-5.04437688478745,0.00468562311521255,
-9.72,-5.044312412151422,0.004675687587848579,
-9.71,-5.0442478242542546,0.0046657521757457465,
-9.7,-5.044183120608581,0.004655816879391418,
-9.69,-5.04411830072394,0.00464588169927606,
-9.68,-5.044053364106753,0.004635946635893247,
-9.67,-5.0439883102602945,0.004626011689739705,
-9.66,-5.043923138684673,0.004616076861315327,
-9.65,-5.043857848876793,0.004606142151123208,
-9.64,-5.0437924403303365,0.0045962075596696645,
-9.63,-5.043726912535731,0.00458627308746427,
-9.62,-5.043661264980124,0.004576338735019875,
-9.61,-5.0435954971473524,0.004566404502852647,
-9.6,-5.043529608517916,0.004556470391482083,
-9.59,-5.04346359856895,0.00454653640143105,
-9.58,-5.043397466774189,0.004536602533225811,
-9.57,-5.043331212603945,0.004526668787396055,
-9.56,-5.043264835525077,0.004516735164474923,
-9.55,-5.043198335000958,0.004506801664999042,
-9.54,-5.043131710491443,0.004496868289508556,
-9.53,-5.043064961452845,0.004486935038547155,
-9.52,-5.042998087337895,0.004477001912662104,
-9.51,-5.04293108759572,0.004467068912404279,
-9.5,-5.042863961671806,0.004457136038328194,
-9.49,-5.0427967090079635,0.004447203290992036,
-9.48,-5.042729329042301,0.004437270670957699,
-9.47,-5.0426618212091885,0.004427338178790811,
-9.46,-5.042594184939226,0.004417405815060775,
-9.45,-5.042526419659207,0.004407473580340793,
-9.44,-5.042458524792088,0.004397541475207912,
-9.43,-5.042390499756954,0.0043876095002430456,
-9.42,-5.042322343968981,0.004377677656031019,
-9.41,-5.042254056839403,0.004367745943160597,
-9.4,-5.042185637775478,0.004357814362224523,
-9.39,-5.042117086180446,0.004347882913819554,
-9.38,-5.042048401453504,0.004337951598546498,
-9.37,-5.041979582989755,0.004328020417010245,
-9.36,-5.041910630180182,0.004318089369819818,
-9.35,-5.041841542411608,0.004308158457588392,
-9.34,-5.041772319066654,0.004298227680933346,
-9.33,-5.041702959523706,0.004288297040476294,
-9.32,-5.041633463156872,0.004278366536843129,
-9.31,-5.041563829335945,0.004268436170664056,
-9.3,-5.041494057426362,0.004258505942573639,
-9.29,-5.041424146789166,0.004248575853210834,
-9.28,-5.041354096780963,0.004238645903219037,
-9.27,-5.041283906753882,0.004228716093246118,
-9.26,-5.041213576055533,0.004218786423944467,
-9.25,-5.041143104028966,0.004208856895971034,
-9.24,-5.041072490012627,0.004198927509987373,
-9.23,-5.041001733340316,0.004188998266659684,
-9.22,-5.040930833341143,0.004179069166658858,
-9.21,-5.040859789339483,0.004169140210660518,
-9.2,-5.040788600654934,0.004159211399345065,
-9.19,-5.04071726660227,0.0041492827333977295,
-9.18,-5.040645786491395,0.0041393542135086045,
-9.17,-5.040574159627298,0.004129425840372701,
-9.16,-5.040502385310007,0.004119497614689993,
-9.15,-5.040430462834538,0.004109569537165462,
-9.14,-5.040358391490852,0.004099641608509149,
-9.13,-5.040286170563803,0.004089713829436198,
-9.12,-5.04021379933309,0.004079786200666909,
-9.11,-5.04014127707321,0.00406985872292679,
-9.1,-5.040068603053403,0.004059931396946596,
-9.09,-5.039995776537606,0.004050004223462394,
-9.08,-5.039922796784397,0.004040077203215603,
-9.07,-5.039849663046947,0.004030150336953053,
-9.06,-5.039776374572965,0.004020223625427035,
-9.05,-5.039702930604648,0.0040102970693953535,
-9.04,-5.039629330378618,0.0040003706696213805,
-9.03,-5.039555573125883,0.003990444426874117,
-9.02,-5.0394816580717645,0.0039805183419282355,
-9.01,-5.039407584435853,0.003970592415564147,
-9,-5.039333351431949,0.003960666648568051,
-8.99,-5.039258958268005,0.003950741041731996,
-8.98,-5.039184404146062,0.0039408155958539385,
-8.97,-5.039109688262203,0.003930890311737798,
-8.96,-5.039034809806481,0.00392096519019352,
-8.95,-5.038959767962867,0.003911040232037133,
-8.94,-5.038884561909184,0.0039011154380908146,
-8.93,-5.038809190817051,0.0038911908091829486,
-8.92,-5.0387336538518115,0.003881266346148188,
-8.91,-5.03865795017248,0.0038713420498275204,
-8.9,-5.03858207893167,0.0038614179210683308,
-8.89,-5.038506039275535,0.003851493960724466,
-8.88,-5.038429830343698,0.0038415701696563028,
-8.87,-5.038353451269189,0.0038316465487308105,
-8.86,-5.0382769011783735,0.0038217230988216258,
-8.85,-5.038200179190889,0.0038117998208091115,
-8.84,-5.038123284419568,0.003801876715580432,
-8.83,-5.038046215970379,0.0037919537840296214,
-8.82,-5.037968972942345,0.003782031027057656,
-8.81,-5.037891554427477,0.003772108445572523,
-8.8,-5.037813959510703,0.003762186040489298,
-8.79,-5.037736187269786,0.0037522638127302126,
-8.78,-5.03765823677526,0.0037423417632247388,
-8.77,-5.037580107090346,0.0037324198929096536,
-8.76,-5.0375017972708775,0.0037224982027291224,
-8.75,-5.037423306365226,0.0037125766936347746,
-8.74,-5.037344633414216,0.003702655366585784,
-8.73,-5.037265777451054,0.0036927342225489463,
-8.72,-5.037186737501238,0.003682813262498763,
-8.71,-5.037107512582481,0.0036728924874175196,
-8.7,-5.03702810170463,0.0036629718982953696,
-8.69,-5.036948503869574,0.0036530514961304254,
-8.68,-5.036868718071169,0.003643131281928831,
-8.67,-5.036788743295142,0.003633211256704858,
-8.66,-5.03670857851901,0.0036232914214809897,
-8.65,-5.03662822271199,0.003613371777288011,
-8.64,-5.036547674834904,0.0036034523251650963,
-8.63,-5.036466933840097,0.0035935330661599043,
-8.62,-5.036385998671335,0.003583614001328664,
-8.61,-5.03630486826372,0.003573695131736279,
-8.6,-5.036223541543588,0.003563776458456411,
-8.59,-5.036142017428418,0.0035538579825715824,
-8.58,-5.036060294826729,0.003543939705173271,
-8.57,-5.035978372637987,0.0035340216273620135,
-8.56,-5.0358962497525015,0.003524103750247499,
-8.55,-5.035813925051324,0.003514186074948677,
-8.54,-5.035731397406145,0.003504268602593854,
-8.53,-5.03564866567919,0.0034943513343208095,
-8.52,-5.035565728723114,0.0034844342712768857,
-8.51,-5.035482585380892,0.0034745174146191076,
-8.5,-5.035399234485713,0.003464600765514287,
-8.49,-5.0353156748608665,0.0034546843251391343,
-8.48,-5.035231905319631,0.003444768094680369,
-8.47,-5.035147924665166,0.003434852075334835,
-8.46,-5.035063731690385,0.003424936268309616,
-8.45,-5.034979325177851,0.0034150206748221486,
-8.44,-5.034894703899649,0.0034051052961003507,
-8.43,-5.034809866617272,0.003395190133382728,
-8.42,-5.034724812081494,0.003385275187918506,
-8.41,-5.034639539032249,0.003375360460967751,
-8.4,-5.034554046198506,0.0033654459538014943,
-8.39,-5.034468332298139,0.003355531667701862,
-8.38,-5.0343823960378,0.0033456176039622014,
-8.37,-5.0342962361127865,0.003335703763887213,
-8.36,-5.03420985120691,0.0033257901487930897,
-8.35,-5.03412323999236,0.00331587676000764,
-8.34,-5.034036401129567,0.0033059635988704327,
-8.33,-5.0339493332670635,0.0032960506667329362,
-8.32,-5.033862035041345,0.0032861379649586557,
-8.31,-5.033774505076721,0.0032762254949232797,
-8.3,-5.0336867419851785,0.003266313258014822,
-8.29,-5.033598744366227,0.003256401255633772,
-8.28,-5.033510510806753,0.003246489489193246,
-8.27,-5.0334220398808664,0.003236577960119133,
-8.26,-5.033333330149747,0.003226666669850253,
-8.25,-5.033244380161488,0.0032167556198385125,
-8.24,-5.033155188450936,0.0032068448115490644,
-8.23,-5.033065753539532,0.0031969342464604686,
-8.22,-5.032976073935146,0.0031870239260648548,
-8.21,-5.032886148131911,0.00317711385186809,
-8.2,-5.032795974610054,0.0031672040253899456,
-8.19,-5.0327055518357255,0.003157294448164274,
-8.18,-5.032614878260825,0.0031473851217391755,
-8.17,-5.032523952322823,0.0031374760476771775,
-8.16,-5.032432772444584,0.0031275672275554163,
-8.15,-5.032341337034183,0.0031176586629658165,
-8.14,-5.032249644484721,0.00310775035551528,
-8.13,-5.032157693174134,0.0030978423068258668,
-8.12,-5.032065481465006,0.003087934518534993,
-8.11,-5.031973007704374,0.003078026992295625,
-8.1,-5.031880270223529,0.0030681197297764704,
-8.09,-5.031787267337819,0.0030582127326621807,
-8.08,-5.031693997346442,0.003048306002653558,
-8.07,-5.0316004585322425,0.0030383995414677576,
-8.06,-5.0315066491615,0.0030284933508385003,
-8.05,-5.0314125674837165,0.003018587432516284,
-8.04,-5.031318211731399,0.0030086817882685997,
-8.03,-5.031223580119841,0.0029987764198801583,
-8.02,-5.031128670846895,0.0029888713291531047,
-8.01,-5.031033482092749,0.002978966517907251,
-8,-5.030938012019694,0.0029690619879803063,
-7.99,-5.030842258771888,0.0029591577412281123,
-7.98,-5.03074622047512,0.002949253779524881,
-7.97,-5.030649895236563,0.0029393501047634374,
-7.96,-5.03055328114453,0.0029294467188554696,
-7.95,-5.030456376268226,0.0029195436237317743,
-7.94,-5.030359178657486,0.0029096408213425146,
-7.93,-5.03026168634252,0.0028997383136574796,
-7.92,-5.030163897333652,0.0028898361026663483,
-7.91,-5.030065809621044,0.0028799341903789554,
-7.9,-5.029967421174434,0.0028700325788255663,
-7.89,-5.029868729942849,0.002860131270057151,
-7.88,-5.0297697338543275,0.002850230266145673,
-7.87,-5.029670430815633,0.0028403295691843667,
-7.86,-5.0295708187119645,0.002830429181288036,
-7.85,-5.029470895406654,0.0028205291045933466,
-7.84,-5.029370658740867,0.0028106293412591323,
-7.83,-5.0292701065333025,0.002800729893466698,
-7.82,-5.029169236579869,0.0027908307634201316,
-7.81,-5.029068046653375,0.0027809319533466242,
-7.8,-5.028966534503205,0.002771033465496795,
-7.79,-5.028864697854986,0.0027611353021450144,
-7.78,-5.028762534410258,0.0027512374655897422,
-7.77,-5.028660041846132,0.0027413399581538676,
-7.76,-5.0285572178149405,0.0027314427821850595,
-7.75,-5.028454059943889,0.0027215459400561108,
-7.74,-5.028350565834695,0.0027116494341653053,
-7.73,-5.028246733063221,0.00270175326693678,
-7.72,-5.028142559179105,0.002691857440820895,
-7.71,-5.028038041705381,0.002681961958294619,
-7.7,-5.027933178138093,0.0026720668218619074,
-7.69,-5.027827965945903,0.0026621720340540976,
-7.68,-5.027722402569689,0.0026522775974303103,
-7.67,-5.027616485422144,0.002642383514577856,
-7.66,-5.027510211887353,0.002632489788112647,
-7.65,-5.027403579320378,0.0026225964206796227,
-7.64,-5.027296585046824,0.002612703414953176,
-7.63,-5.027189226362403,0.002602810773637597,
-7.62,-5.027081500532488,0.002592918499467512,
-7.61,-5.026973404791657,0.002583026595208343,
-7.6,-5.026864936343233,0.002573135063656767,
-7.59,-5.026756092358807,0.002563243907641193,
-7.58,-5.026646869977765,0.0025533531300222356,
-7.57,-5.026537266306792,0.002543462733693209,
-7.56,-5.0264272784193755,0.002533572721580624,
-7.55,-5.0263169033552995,0.002523683096644701,
-7.54,-5.026206138120119,0.002513793861879881,
-7.53,-5.0260949796846415,0.0025039050203153586,
-7.52,-5.02598342498438,0.0024940165750156193,
-7.51,-5.02587147091901,0.0024841285290809895,
-7.5,-5.025759114351807,0.002474240885648193,
-7.49,-5.025646352109074,0.0024643536478909257,
-7.48,-5.025533180979568,0.0024544668190204324,
-7.47,-5.025419597713896,0.002444580402286104,
-7.46,-5.025305599023918,0.002434694400976082,
-7.45,-5.0251911815821275,0.002424808818417873,
-7.44,-5.025076342021022,0.0024149236579789793,
-7.43,-5.02496107693246,0.0024050389230675395,
-7.42,-5.024845382867012,0.0023951546171329884,
-7.41,-5.024729256333284,0.002385270743666716,
-7.4,-5.024612693797243,0.0023753873062027572,
-7.39,-5.024495691681519,0.0023655043083184806,
-7.38,-5.024378246364695,0.0023556217536353044,
-7.37,-5.024260354180586,0.0023457396458194143,
-7.36,-5.024142011417495,0.0023358579885825056,
-7.35,-5.024023214317463,0.0023259767856825373,
-7.34,-5.023903959075498,0.002316096040924502,
-7.33,-5.023784241838789,0.0023062157581612112,
-7.32,-5.023664058705904,0.0022963359412940965,
-7.31,-5.02354340572597,0.00228645659427403,
-7.3,-5.023422278897836,0.0022765777211021633,
-7.29,-5.023300674169223,0.002266699325830777,
-7.28,-5.023178587435845,0.002256821412564155,
-7.27,-5.023056014540523,0.002246943985459476,
-7.26,-5.022932951272273,0.0022370670487277264,
-7.25,-5.022809393365378,0.0022271906066346223,
-7.24,-5.022685336498434,0.0022173146635015664,
-7.23,-5.022560776293384,0.0022074392237066164,
-7.22,-5.022435708314525,0.0021975642916854748,
-7.21,-5.022310128067493,0.002187689871932507,
-7.2,-5.022184030998229,0.0021778159690017717,
-7.19,-5.022057412491919,0.002167942587508081,
-7.18,-5.021930267871914,0.0021580697321280855,
-7.17,-5.021802592398622,0.0021481974076013777,
-7.16,-5.021674381268376,0.002138325618731624,
-7.15,-5.02154562961228,0.00212845437038772,
-7.14,-5.021416332495025,0.0021185836675049747,
-7.13,-5.021286484913678,0.0021087135150863216,
-7.12,-5.021156081796448,0.0020988439182035514,
-7.11,-5.02102511800142,0.0020889748819985805,
-7.1,-5.020893588315255,0.0020791064116847443,
-7.09,-5.020761487451875,0.002069238512548125,
-7.08,-5.0206288100510985,0.002059371189948902,
-7.07,-5.020495550677259,0.0020495044493227415,
-7.06,-5.020361703817785,0.002039638296182215,
-7.05,-5.020227263881744,0.0020297727361182553,
-7.04,-5.020092225198361,0.0020199077748016387,
-7.03,-5.019956582015489,0.002010043417984511,
-7.02,-5.019820328498055,0.002000179671501945,
-7.01,-5.01968345872646,0.0019903165412735397,
-7,-5.01954596669495,0.0019804540333050505,
-6.99,-5.019407846309933,0.001970592153690067,
-6.98,-5.0192690913882725,0.001960730908611728,
-6.97,-5.019129695655524,0.001950870304344476,
-6.96,-5.0189896527441356,0.0019410103472558642,
-6.95,-5.018848956191607,0.001931151043808393,
-6.94,-5.018707599438595,0.001921292400561406,
-6.93,-5.018565575826974,0.0019114344241730257,
-6.92,-5.018422878597857,0.001901577121402143,
-6.91,-5.018279500889551,0.001891720499110449,
-6.9,-5.018135435735474,0.0018818645642645264,
-6.89,-5.017990676062012,0.0018720093239379878,
-6.88,-5.017845214686323,0.001862154785313677,
-6.87,-5.017699044314085,0.0018523009556859148,
-6.86,-5.017552157537188,0.0018424478424628127,
-6.85,-5.017404546831357,0.0018325954531686428,
-6.84,-5.017256204553727,0.0018227437954462732,
-6.83,-5.017107122940343,0.001812892877059658,
-6.82,-5.016957294103596,0.001803042705896404,
-6.81,-5.016806710029601,0.0017931932899703984,
-6.8,-5.016655362575487,0.0017833446374245126,
-6.79,-5.016503243466632,0.0017734967565333681,
-6.78,-5.016350344293811,0.0017636496557061887,
-6.77,-5.016196656510279,0.0017538033434897208,
-6.76,-5.016042171428758,0.0017439578285712422,
-6.75,-5.015886880218359,0.0017341131197816417,
-6.74,-5.0157307739014065,0.0017242692260985937,
-6.73,-5.015573843350185,0.0017144261566498155,
-6.72,-5.015416079283584,0.0017045839207164154,
-6.71,-5.015257472263661,0.0016947425277363385,
-6.7,-5.015098012692098,0.0016849019873079025,
-6.69,-5.014937690806562,0.0016750623091934384,
-6.68,-5.014776496676967,0.0016652235033230336,
-6.67,-5.014614420201615,0.0016553855797983852,
-6.66,-5.014451451103246,0.0016455485488967546,
-6.65,-5.014287578924953,0.0016357124210750475,
-6.64,-5.014122793025994,0.0016258772069740058,
-6.63,-5.013957082577473,0.0016160429174225267,
-6.62,-5.0137904365578985,0.0016062095634421017,
-6.61,-5.013622843748604,0.0015963771562513965,
-6.6,-5.013454292729041,0.001586545707270958,
-6.59,-5.013284771871929,0.0015767152281280716,
-6.58,-5.013114269338246,0.0015668857306617543,
-6.57,-5.012942773072092,0.001557057226927908,
-6.56,-5.012770270795375,0.0015472297292046246,
-6.55,-5.012596750002341,0.0015374032499976588,
-6.54,-5.0124221979539385,0.001527577802046062,
-6.53,-5.012246601672002,0.001517753398327998,
-6.52,-5.012069947933263,0.001507930052066737,
-6.51,-5.011892223263158,0.0014981077767368424,
-6.5,-5.011713413929457,0.0014882865860705431,
-6.49,-5.01153350593568,0.00147846649406432,
-6.48,-5.011352485014304,0.0014686475149856967,
-6.47,-5.011170336619751,0.0014588296633802494,
-6.46,-5.01098704592115,0.0014490129540788504,
-6.45,-5.010802597794865,0.001439197402205135,
-6.44,-5.010616976816773,0.001429383023183227,
-6.43,-5.010430167254288,0.001419569832745712,
-6.42,-5.01024215305812,0.0014097578469418797,
-6.41,-5.010052917853763,0.001399947082146237,
-6.4,-5.009862444932687,0.0013901375550673136,
-6.39,-5.009670717243237,0.0013803292827567631,
-6.38,-5.009477717381221,0.0013705222826187792,
-6.37,-5.009283427580173,0.0013607165724198271,
-6.36,-5.009087829701279,0.001350912170298721,
-6.35,-5.008890905222953,0.0013411090947770474,
-6.34,-5.008692635230042,0.001331307364769958,
-6.33,-5.0084930004026615,0.0013215069995973388,
-6.32,-5.008291981004619,0.0013117080189953814,
-6.31,-5.008089556871433,0.001301910443128566,
-6.3,-5.007885707397918,0.0012921142926020817,
-6.29,-5.00768041152531,0.0012823195884746894,
-6.28,-5.007473647727937,0.0012725263522720635,
-6.27,-5.007265393999377,0.0012627346060006222,
-6.26,-5.007055627838127,0.0012529443721618731,
-6.25,-5.0068443262327085,0.0012431556737672919,
-6.24,-5.006631465646236,0.0012333685343537649,
-6.23,-5.006417022000384,0.0012235829779996168,
-6.22,-5.006200970658748,0.0012137990293412519,
-6.21,-5.005983286409562,0.0012040167135904372,
-6.2,-5.0057639434477466,0.0011942360565522533,
-6.19,-5.0055429153562505,0.0011844570846437502,
-6.18,-5.005320175086661,0.001174679824913339,
-6.17,-5.005095694939046,0.0011649043050609544,
-6.16,-5.00486944654098,0.00115513055345902,
-6.15,-5.004641400825736,0.001145358599174265,
-6.14,-5.004411528009574,0.0011355884719904258,
-6.13,-5.00417979756812,0.00112582020243188,
-6.12,-5.003946178211747,0.0011160538217882532,
-6.11,-5.003710637859944,0.0011062893621400557,
-6.1,-5.003473143614607,0.0010965268563853927,
-6.09,-5.003233661732188,0.0010867663382678118,
-6.08,-5.002992157594671,0.0010770078424053287,
-6.07,-5.002748595679288,0.0010672514043207125,
-6.06,-5.0025029395269165,0.0010574970604730835,
-6.05,-5.002255151709104,0.001047744848290896,
-6.04,-5.002005193793629,0.0010379948062063714,
-6.03,-5.001753026308525,0.0010282469736914753,
-6.02,-5.0014986087044955,0.0010185013912955045,
-6.01,-5.001241899315616,0.001008758100684384,
-6,-5.000982855318246,0.000999017144681754,
-5.99,-5.00072143268804,0.0009892785673119603,
-5.98,-5.0004575861549565,0.0009795424138450439,
-5.97,-5.000191269156156,0.0009698087308438435,
-5.96,-4.999922433786661,0.0009600775662133392,
-5.95,-4.999651030747654,0.0009503489692523455,
-5.94,-4.999377009292286,0.0009406229907077148,
-5.93,-4.999100317168824,0.0009308996828311757,
-5.92,-4.998820900561021,0.0009211790994389792,
-5.91,-4.998538704025503,0.0009114612959744974,
-5.9,-4.998253670426023,0.0009017463295739768,
-5.89,-4.997965740864383,0.0008920342591356166,
-5.88,-4.997674854607809,0.0008823251453921904,
-5.87,-4.997380949012587,0.000872619050987413,
-5.86,-4.997083959443696,0.0008629160405563043,
-5.85,-4.996783819190211,0.000853216180809788,
-5.84,-4.996480459376195,0.0008435195406238047,
-5.83,-4.996173808866785,0.0008338261911332149,
-5.82,-4.995863794169178,0.000824136205830822,
-5.81,-4.995550339328165,0.0008144496606718339,
-5.8,-4.99523336581586,0.0008047666341841397,
-5.79,-4.99491279241523,0.0007950872075847701,
-5.78,-4.994588535097015,0.0007854114649029849,
-5.77,-4.994260506889578,0.0007757394931104213,
-5.76,-4.993928617741192,0.0007660713822588079,
-5.75,-4.993592774374244,0.0007564072256257554,
-5.74,-4.993252880130785,0.0007467471198692153,
-5.73,-4.992908834808785,0.0007370911651912161,
-5.72,-4.99256053448845,0.0007274394655115493,
-5.71,-4.9922078713478575,0.0007177921286521423,
-5.7,-4.991850733467105,0.0007081492665328954,
-5.69,-4.991489004620138,0.0006985109953798627,
-5.68,-4.9911225640533035,0.0006888774359466967,
-5.67,-4.990751286249608,0.0006792487137503917,
-5.66,-4.990375040677581,0.0006696249593224193,
-5.65,-4.989993691523509,0.0006600063084764912,
-5.64,-4.989607097405742,0.0006503929025942581,
-5.63,-4.989215111069594,0.0006407848889304056,
-5.62,-4.988817579061276,0.0006311824209387239,
-5.61,-4.988414341379099,0.0006215856586209019,
-5.6,-4.988005231100052,0.000611994768899947,
-5.59,-4.987590073979665,0.0006024099260203345,
-5.58,-4.98716868802282,0.00059283131197718,
-5.57,-4.986740883023005,0.0005832591169769947,
-5.56,-4.986306460067195,0.0005736935399328049,
-5.55,-4.985865211003254,0.0005641347889967451,
-5.54,-4.985416917866474,0.0005545830821335256,
-5.53,-4.984961352261423,0.0005450386477385774,
-5.52,-4.984498274694944,0.0005355017253050551,
-5.51,-4.98402743385563,0.0005259725661443697,
-5.5,-4.983548565834589,0.0005164514341654109,
-5.49,-4.983061393281752,0.0005069386067182475,
-5.48,-4.982565624491279,0.000497434375508721,
-5.47,-4.98206095240888,0.00048793904759111915,
-5.46,-4.981547053553024,0.0004784529464469754,
-5.45,-4.981023586841019,0.0004689764131589813,
-5.44,-4.980490192309855,0.00045950980769014516,
-5.43,-4.9799464897204455,0.0004500535102795539,
-5.42,-4.979392077032441,0.00044060792296755886,
-5.41,-4.978826528735166,0.0004311734712648343,
-5.4,-4.978249394018316,0.0004217506059816843,
-5.39,-4.977660194763885,0.00041233980523611423,
-5.38,-4.97705842333827,0.0004029415766617299,
-5.37,-4.976443540160607,0.0003935564598393937,
-5.36,-4.9758149710200295,0.0003841850289799713,
-5.35,-4.975172104110637,0.00037482789588936253,
-5.34,-4.9745142867484144,0.0003654857132515858,
-5.33,-4.9738408217290475,0.0003561591782709526,
-5.32,-4.973150963279399,0.0003468490367206017,
-5.31,-4.972443912548105,0.00033755608745189455,
-5.3,-4.971718812572248,0.0003282811874277524,
-5.29,-4.97097474264694,0.00031902525735305945,
-5.28,-4.970210712012789,0.000309789287987211,
-5.27,-4.969425652762015,0.00030057434723798404,
-5.26,-4.968618411847268,0.0002913815881527321,
-5.25,-4.967787742057065,0.0002822122579429351,
-5.24,-4.9669322917978596,0.00027306770820214053,
-5.23,-4.966050593493922,0.00026394940650607867,
-5.22,-4.965141050381616,0.0002548589496183836,
-5.21,-4.9642019214328466,0.0002457980785671535,
-5.2,-4.9632313040918286,0.00023676869590817147,
-5.19,-4.962227114447912,0.0002277728855520883,
-5.18,-4.961187064392378,0.00021881293560762163,
-5.17,-4.960108635215858,0.00020989136478414189,
-5.16,-4.958989046991363,0.0002010109530086379,
-5.15,-4.957825222951119,0.0001921747770488819,
-5.14,-4.956613747897566,0.00018338625210243337,
-5.13,-4.9553508194828675,0.00017464918051713203,
-5.12,-4.954032190938603,0.0001659678090613966,
-5.11,-4.952653103528089,0.00015734689647191165,
-5.1,-4.951208206616935,0.00014879179338306387,
-5.09,-4.949691462801933,0.00014030853719806678,
-5.08,-4.9480960349945,0.0001319039650054996,
-5.07,-4.946414151719242,0.00012358584828075754,
-5.06,-4.944636946170276,0.00011536305382972316,
-5.05,-4.942754263806005,0.00010724573619399454,
-5.04,-4.940754432549229,0.00009924556745077103,
-5.03,-4.93862398918769,0.00009137601081231056,
-5.02,-4.936347355717324,0.00008365264428267556,
-5.01,-4.933906460835447,0.0000760935391645535,
-5,-4.931280305821086,0.00006871969417891376,
-4.99,-4.928444482778965,0.00006155551722103475,
-4.98,-4.925370670191933,0.00005462932980806741,
-4.97,-4.922026161323958,0.00004797383867604115,
-4.96,-4.918373532608408,0.000041626467391592156,
-4.95,-4.91437063949037,0.000035629360509630165,
-4.94,-4.9099712383269045,0.00003002876167309626,
-4.93,-4.905126656053375,0.00002487334394662459,
-4.92,-4.8997889969054,0.000020211003094599613,
-4.91,-4.893916242073976,0.000016083757926024135,
-4.9,-4.887479061595564,0.000012520938404436118,
-4.89,-4.880468129663215,0.00000953187033678487,
-4.88,-4.872899577184669,0.000007100422815330669,
-4.87,-4.864815891944275,0.000005184108055725084,
-4.86,-4.856280976759469,0.0000037190232405316986,
-4.85,-4.847370742084788,0.00000262925791521194,
-4.84,-4.838162627346482,0.0000018373726535181148,
-4.83,-4.828727325825599,0.0000012726741744005213,
-4.82,-4.819124214345904,8.757856540962405e-7,
-4.81,-4.809400164543171,5.998354568286072e-7,
-4.8,-4.799590533454576,4.094665454237184e-7,
-4.79,-4.78972113531972,2.788646802798919e-7,
-4.78,-4.779810386590315,1.8961340968560622e-7,
-4.77,-4.769871215428409,1.2878457159070302e-7,
-4.76,-4.759912596300566,8.740369943343818e-8,
-4.75,-4.7499407113304,5.9288669599325215e-8,
-4.74,-4.739959796731173,4.020326882658568e-8,
-4.73,-4.729972744886073,2.7255113927537335e-8,
-4.72,-4.7199815258129645,1.8474187035503502e-8,
-4.71,-4.7099874790693335,1.2520930666509735e-8,
-4.7,-4.699991514487658,8.485512342326823e-9,
-4.69,-4.689994249555526,5.750444474166989e-9,
-4.68,-4.6799961031330115,3.896866988400815e-9,
-4.67,-4.66999735924501,2.6407549895227975e-9,
-4.66,-4.659998210439933,1.789560067482023e-9,
-4.65,-4.649998787230555,1.2127694454767255e-9,
-4.64,-4.639999178071061,8.219289382858075e-10,
-4.63,-4.629999442906237,5.570937628870744e-10,
-4.62,-4.619999622358191,3.7764180940428887e-10,
-4.61,-4.609999743953911,2.5604608921647267e-10,
-4.6,-4.599999826346233,1.7365376651418537e-10,
-4.59,-4.589999882174493,1.178255068065337e-10,
-4.58,-4.579999920003129,7.999687097831194e-11,
-4.57,-4.569999945635381,5.4364619272640356e-11,
-4.56,-4.559999963003488,3.6996512033797434e-11,
-4.55,-4.549999974771903,2.5228096617582114e-11,
-4.54,-4.539999982746034,1.7253966286882674e-11,
-4.53,-4.5299999881492035,1.185079716741446e-11,
-4.52,-4.51999999181032,8.189679225118944e-12,
-4.51,-4.5099999942910465,5.708953050363843e-12,
-4.5,-4.4999999959719545,4.028045202988624e-12,
-4.49,-4.489999997110917,2.889083929292668e-12,
-4.48,-4.479999997882662,2.117338625662716e-12,
-4.47,-4.469999998405585,1.5944140863066316e-12,
-4.46,-4.459999998759922,1.2400778265729145e-12,
-4.45,-4.449999999,1.0000000248416335e-12,
-4.44,-4.43999999916268,8.373200598646753e-13,
-4.43,-4.429999999272909,7.270902444306601e-13,
-4.42,-4.4199999993476,6.523999642085503e-13,
-4.41,-4.4099999993982095,6.017908080026712e-13,
-4.4,-4.399999999432501,5.674987062593176e-13,
-4.39,-4.389999999455737,5.442628270349186e-13,
-4.38,-4.379999999471481,5.285184994536638e-13,
-4.37,-4.3699999994821495,5.178503491886308e-13,
-4.36,-4.3599999994893786,5.106217502144371e-13,
-4.35,-4.349999999494276,5.057237461621195e-13,
-4.34,-4.339999999497595,5.024049227146367e-13,
-4.33,-4.329999999499844,5.001561313686744e-13,
-4.32,-4.319999999501368,4.986323797645762e-13,
-4.31,-4.309999999502399,4.975999055964293e-13,
-4.3,-4.2999999995030995,4.969003145864325e-13,
-4.29,-4.289999999503574,4.964262808458413e-13,
-4.28,-4.279999999503895,4.961050817576928e-13,
-4.27,-4.269999999504112,4.958874414289151e-13,
-4.26,-4.2599999995042594,4.957399711595503e-13,
-4.25,-4.24999999950436,4.95640047203678e-13,
-4.24,-4.239999999504428,4.955723400072845e-13,
-4.23,-4.229999999504474,4.955264624652862e-13,
-4.22,-4.2199999995045046,4.95495376411281e-13,
-4.21,-4.209999999504526,4.954743128758688e-13,
-4.2,-4.1999999995045405,4.954600404678261e-13,
-4.19,-4.18999999950455,4.954503696387699e-13,
-4.18,-4.179999999504556,4.954438167793844e-13,
-4.17,-4.169999999504561,4.954393766154227e-13,
-4.16,-4.159999999504564,4.954363679862181e-13,
-4.15,-4.149999999504566,4.95434329346221e-13,
-4.14,-4.139999999504567,4.954329479582104e-13,
-4.13,-4.129999999504568,4.954320119155403e-13,
-4.12,-4.119999999504569,4.954313776330416e-13,
-4.11,-4.109999999504569,4.954309478192842e-13,
-4.1,-4.099999999504569,4.954306565508687e-13,
-4.09,-4.0899999995045695,4.954304591589627e-13,
-4.08,-4.07999999950457,4.954303253765504e-13,
-4.07,-4.06999999950457,4.954302346950981e-13,
-4.06,-4.059999999504569,4.954301732182921e-13,
-4.05,-4.0499999995045695,4.95430131530172e-13,
-4.04,-4.03999999950457,4.954301032506063e-13,
-4.03,-4.02999999950457,4.954300840565016e-13,
-4.02,-4.019999999504569,4.954300710185863e-13,
-4.01,-4.009999999504569,4.954300621520243e-13,
-4,-3.99999999950457,4.954300561119166e-13,
-3.99,-3.9899999995045703,4.954300519869775e-13,
-3.98,-3.97999999950457,4.954300491597313e-13,
-3.97,-3.9699999995045703,4.954300472117851e-13,
-3.96,-3.95999999950457,4.954300458596409e-13,
-3.95,-3.9499999995045703,4.954300449112044e-13,
-3.94,-3.93999999950457,4.95430044236315e-13,
-3.93,-3.9299999995045702,4.954300437467775e-13,
-3.92,-3.91999999950457,4.954300433828317e-13,
-3.91,-3.9099999995045702,4.954300431039858e-13,
-3.9,-3.89999999950457,4.9543004283475e-13,
-3.89,-3.88999999950457,4.954300408620248e-13,
-3.88,-3.87999999950457,4.954300394391939e-13,
-3.87,-3.86999999950457,4.954300383959462e-13,
-3.86,-3.85999999950457,4.954300376146303e-13,
-3.85,-3.84999999950457,4.954300370140013e-13,
-3.84,-3.83999999950457,4.954300365379754e-13,
-3.83,-3.82999999950457,4.954300361478508e-13,
-3.82,-3.81999999950457,4.95430035816929e-13,
-3.81,-3.80999999950457,4.95430035526798e-13,
-3.8,-3.79999999950457,4.954300352647642e-13,
-3.79,-3.78999999950457,4.95430035022079e-13,
-3.78,-3.77999999950457,4.954300347927142e-13,
-3.77,-3.76999999950457,4.954300345725176e-13,
-3.76,-3.75999999950457,4.954300343586298e-13,
-3.75,-3.74999999950457,4.954300341490821e-13,
-3.74,-3.7399999995045703,4.954300339425197e-13,
-3.73,-3.72999999950457,4.954300337380099e-13,
-3.72,-3.7199999995045703,4.954300335349114e-13,
-3.71,-3.70999999950457,4.954300333327831e-13,
-3.7,-3.6999999995045703,4.954300331313212e-13,
-3.69,-3.68999999950457,4.954300329303173e-13,
-3.68,-3.6799999995045702,4.954300327296281e-13,
-3.67,-3.66999999950457,4.95430032529155e-13,
-3.66,-3.6599999995045702,4.954300323288303e-13,
-3.65,-3.64999999950457,4.954300321286075e-13,
-3.64,-3.63999999950457,4.954300319284547e-13,
-3.63,-3.62999999950457,4.954300317283498e-13,
-3.62,-3.61999999950457,4.954300315282779e-13,
-3.61,-3.60999999950457,4.954300313282285e-13,
-3.6,-3.59999999950457,4.954300311281948e-13,
-3.59,-3.58999999950457,4.954300309281714e-13,
-3.58,-3.57999999950457,4.954300307281555e-13,
-3.57,-3.56999999950457,4.954300305281446e-13,
-3.56,-3.55999999950457,4.954300303281371e-13,
-3.55,-3.54999999950457,4.95430030128132e-13,
-3.54,-3.53999999950457,4.954300299281285e-13,
-3.53,-3.52999999950457,4.954300297281262e-13,
-3.52,-3.51999999950457,4.954300295281245e-13,
-3.51,-3.50999999950457,4.954300293281235e-13,
-3.5,-3.49999999950457,4.954300291281227e-13,
-3.49,-3.4899999995045703,4.954300289281222e-13,
-3.48,-3.47999999950457,4.954300287281218e-13,
-3.47,-3.4699999995045703,4.954300285281215e-13,
-3.46,-3.45999999950457,4.954300283281214e-13,
-3.45,-3.4499999995045703,4.954300281281212e-13,
-3.44,-3.43999999950457,4.954300279281212e-13,
-3.43,-3.4299999995045702,4.95430027728121e-13,
-3.42,-3.41999999950457,4.95430027528121e-13,
-3.41,-3.4099999995045702,4.95430027328121e-13,
-3.4,-3.39999999950457,4.954300271281209e-13,
-3.39,-3.38999999950457,4.954300269281209e-13,
-3.38,-3.37999999950457,4.954300267281209e-13,
-3.37,-3.36999999950457,4.954300265281209e-13,
-3.36,-3.35999999950457,4.954300263281209e-13,
-3.35,-3.34999999950457,4.954300261281209e-13,
-3.34,-3.33999999950457,4.954300259281209e-13,
-3.33,-3.32999999950457,4.954300257281209e-13,
-3.32,-3.31999999950457,4.954300255281209e-13,
-3.31,-3.30999999950457,4.95430025328121e-13,
-3.3,-3.29999999950457,4.95430025128121e-13,
-3.29,-3.28999999950457,4.95430024928121e-13,
-3.28,-3.27999999950457,4.95430024728121e-13,
-3.27,-3.26999999950457,4.954300245281209e-13,
-3.26,-3.25999999950457,4.954300243281209e-13,
-3.25,-3.24999999950457,4.954300241281209e-13,
-3.24,-3.2399999995045703,4.954300239281209e-13,
-3.23,-3.22999999950457,4.954300237281209e-13,
-3.22,-3.2199999995045703,4.954300235281209e-13,
-3.21,-3.20999999950457,4.954300233281209e-13,
-3.2,-3.1999999995045703,4.954300231281209e-13,
-3.19,-3.18999999950457,4.954300229281209e-13,
-3.18,-3.1799999995045702,4.954300227281209e-13,
-3.17,-3.16999999950457,4.954300225281209e-13,
-3.16,-3.1599999995045702,4.954300223281209e-13,
-3.15,-3.14999999950457,4.95430022128121e-13,
-3.14,-3.13999999950457,4.95430021928121e-13,
-3.13,-3.12999999950457,4.95430021728121e-13,
-3.12,-3.11999999950457,4.95430021528121e-13,
-3.11,-3.10999999950457,4.954300213281209e-13,
-3.1,-3.09999999950457,4.954300211281209e-13,
-3.09,-3.08999999950457,4.954300209281209e-13,
-3.08,-3.07999999950457,4.954300207281209e-13,
-3.07,-3.06999999950457,4.954300205281209e-13,
-3.06,-3.05999999950457,4.954300203281209e-13,
-3.05,-3.04999999950457,4.954300201281209e-13,
-3.04,-3.03999999950457,4.954300199281209e-13,
-3.03,-3.02999999950457,4.954300197281209e-13,
-3.02,-3.01999999950457,4.954300195281209e-13,
-3.01,-3.00999999950457,4.954300193281209e-13,
-3,-2.99999999950457,4.95430019128121e-13,
-2.99,-2.9899999995045703,4.95430018928121e-13,
-2.98,-2.97999999950457,4.95430018728121e-13,
-2.97,-2.9699999995045703,4.95430018528121e-13,
-2.96,-2.95999999950457,4.95430018328121e-13,
-2.95,-2.9499999995045703,4.954300181281209e-13,
-2.94,-2.93999999950457,4.954300179281209e-13,
-2.93,-2.9299999995045702,4.954300177281209e-13,
-2.92,-2.91999999950457,4.954300175281209e-13,
-2.91,-2.9099999995045702,4.954300173281209e-13,
-2.9,-2.89999999950457,4.954300171281209e-13,
-2.89,-2.88999999950457,4.954300169281209e-13,
-2.88,-2.87999999950457,4.954300167281209e-13,
-2.87,-2.86999999950457,4.954300165281209e-13,
-2.86,-2.85999999950457,4.954300163281209e-13,
-2.85,-2.84999999950457,4.954300161281209e-13,
-2.84,-2.83999999950457,4.95430015928121e-13,
-2.83,-2.82999999950457,4.95430015728121e-13,
-2.82,-2.81999999950457,4.95430015528121e-13,
-2.81,-2.80999999950457,4.95430015328121e-13,
-2.8,-2.79999999950457,4.95430015128121e-13,
-2.79,-2.78999999950457,4.954300149281209e-13,
-2.78,-2.77999999950457,4.954300147281209e-13,
-2.77,-2.76999999950457,4.954300145281209e-13,
-2.76,-2.75999999950457,4.954300143281209e-13,
-2.75,-2.74999999950457,4.954300141281209e-13,
-2.74,-2.7399999995045703,4.954300139281209e-13,
-2.73,-2.72999999950457,4.954300137281209e-13,
-2.72,-2.7199999995045703,4.954300135281209e-13,
-2.71,-2.70999999950457,4.954300133281209e-13,
-2.7,-2.6999999995045703,4.954300131281209e-13,
-2.69,-2.68999999950457,4.954300129281209e-13,
-2.68,-2.6799999995045702,4.95430012728121e-13,
-2.67,-2.66999999950457,4.95430012528121e-13,
-2.66,-2.6599999995045702,4.95430012328121e-13,
-2.65,-2.64999999950457,4.95430012128121e-13,
-2.64,-2.63999999950457,4.95430011928121e-13,
-2.63,-2.62999999950457,4.954300117281209e-13,
-2.62,-2.61999999950457,4.954300115281209e-13,
-2.61,-2.60999999950457,4.954300113281209e-13,
-2.6,-2.59999999950457,4.954300111281209e-13,
-2.59,-2.58999999950457,4.954300109281209e-13,
-2.58,-2.57999999950457,4.954300107281209e-13,
-2.57,-2.56999999950457,4.954300105281209e-13,
-2.56,-2.55999999950457,4.954300103281209e-13,
-2.55,-2.54999999950457,4.954300101281209e-13,
-2.54,-2.53999999950457,4.954300099281209e-13,
-2.53,-2.52999999950457,4.954300097281209e-13,
-2.52,-2.51999999950457,4.95430009528121e-13,
-2.51,-2.50999999950457,4.95430009328121e-13,
-2.5,-2.49999999950457,4.95430009128121e-13,
-2.49,-2.4899999995045703,4.95430008928121e-13,
-2.48,-2.47999999950457,4.95430008728121e-13,
-2.47,-2.4699999995045703,4.954300085281209e-13,
-2.46,-2.45999999950457,4.954300083281209e-13,
-2.45,-2.4499999995045703,4.954300081281209e-13,
-2.44,-2.43999999950457,4.954300079281209e-13,
-2.43,-2.4299999995045702,4.954300077281209e-13,
-2.42,-2.41999999950457,4.954300075281209e-13,
-2.41,-2.4099999995045702,4.954300073281209e-13,
-2.4,-2.39999999950457,4.954300071281209e-13,
-2.39,-2.38999999950457,4.954300069281209e-13,
-2.38,-2.37999999950457,4.954300067281209e-13,
-2.37,-2.36999999950457,4.954300065281209e-13,
-2.36,-2.35999999950457,4.95430006328121e-13,
-2.35,-2.34999999950457,4.95430006128121e-13,
-2.34,-2.33999999950457,4.95430005928121e-13,
-2.33,-2.32999999950457,4.95430005728121e-13,
-2.32,-2.31999999950457,4.954300055281209e-13,
-2.31,-2.30999999950457,4.954300053281209e-13,
-2.3,-2.29999999950457,4.954300051281209e-13,
-2.29,-2.28999999950457,4.954300049281209e-13,
-2.28,-2.27999999950457,4.954300047281209e-13,
-2.27,-2.26999999950457,4.954300045281209e-13,
-2.26,-2.25999999950457,4.954300043281209e-13,
-2.25,-2.24999999950457,4.954300041281209e-13,
-2.24,-2.2399999995045703,4.954300039281209e-13,
-2.23,-2.22999999950457,4.954300037281209e-13,
-2.22,-2.2199999995045703,4.954300035281209e-13,
-2.21,-2.20999999950457,4.954300033281209e-13,
-2.2,-2.1999999995045703,4.95430003128121e-13,
-2.19,-2.18999999950457,4.95430002928121e-13,
-2.18,-2.1799999995045702,4.95430002728121e-13,
-2.17,-2.16999999950457,4.95430002528121e-13,
-2.16,-2.1599999995045702,4.954300023281209e-13,
-2.15,-2.14999999950457,4.954300021281209e-13,
-2.14,-2.13999999950457,4.954300019281209e-13,
-2.13,-2.12999999950457,4.954300017281209e-13,
-2.12,-2.11999999950457,4.954300015281209e-13,
-2.11,-2.10999999950457,4.954300013281209e-13,
-2.1,-2.09999999950457,4.954300011281209e-13,
-2.09,-2.08999999950457,4.954300009281209e-13,
-2.08,-2.07999999950457,4.954300007281209e-13,
-2.07,-2.06999999950457,4.954300005281209e-13,
-2.06,-2.05999999950457,4.954300003281209e-13,
-2.05,-2.04999999950457,4.954300001281209e-13,
-2.04,-2.03999999950457,4.95429999928121e-13,
-2.03,-2.02999999950457,4.95429999728121e-13,
-2.02,-2.01999999950457,4.95429999528121e-13,
-2.01,-2.00999999950457,4.95429999328121e-13,
-2,-1.99999999950457,4.954299991281209e-13,
-1.99,-1.98999999950457,4.954299989281209e-13,
-1.98,-1.97999999950457,4.954299987281209e-13,
-1.97,-1.96999999950457,4.954299985281209e-13,
-1.96,-1.95999999950457,4.954299983281209e-13,
-1.95,-1.94999999950457,4.954299981281209e-13,
-1.94,-1.93999999950457,4.954299979281209e-13,
-1.93,-1.92999999950457,4.954299977281209e-13,
-1.92,-1.91999999950457,4.954299975281209e-13,
-1.91,-1.90999999950457,4.954299973281209e-13,
-1.9,-1.89999999950457,4.954299971281209e-13,
-1.89,-1.88999999950457,4.954299969281209e-13,
-1.88,-1.87999999950457,4.95429996728121e-13,
-1.87,-1.8699999995045702,4.95429996528121e-13,
-1.86,-1.8599999995045702,4.95429996328121e-13,
-1.85,-1.8499999995045702,4.95429996128121e-13,
-1.84,-1.8399999995045702,4.954299959281209e-13,
-1.83,-1.8299999995045702,4.954299957281209e-13,
-1.82,-1.8199999995045701,4.954299955281209e-13,
-1.81,-1.8099999995045701,4.954299953281209e-13,
-1.8,-1.7999999995045701,4.954299951281209e-13,
-1.79,-1.7899999995045701,4.954299949281209e-13,
-1.78,-1.77999999950457,4.954299947281209e-13,
-1.77,-1.76999999950457,4.954299945281209e-13,
-1.76,-1.75999999950457,4.954299943281209e-13,
-1.75,-1.74999999950457,4.954299941281209e-13,
-1.74,-1.73999999950457,4.954299939281209e-13,
-1.73,-1.72999999950457,4.954299937281209e-13,
-1.72,-1.71999999950457,4.95429993528121e-13,
-1.71,-1.70999999950457,4.95429993328121e-13,
-1.7,-1.69999999950457,4.95429993128121e-13,
-1.69,-1.68999999950457,4.95429992928121e-13,
-1.68,-1.67999999950457,4.954299927281209e-13,
-1.67,-1.66999999950457,4.954299925281209e-13,
-1.66,-1.65999999950457,4.954299923281209e-13,
-1.65,-1.64999999950457,4.954299921281209e-13,
-1.64,-1.63999999950457,4.954299919281209e-13,
-1.63,-1.62999999950457,4.954299917281209e-13,
-1.62,-1.6199999995045702,4.954299915281209e-13,
-1.61,-1.6099999995045702,4.954299913281209e-13,
-1.6,-1.5999999995045702,4.954299911281209e-13,
-1.59,-1.5899999995045702,4.954299909281209e-13,
-1.58,-1.5799999995045702,4.954299907281209e-13,
-1.57,-1.5699999995045701,4.954299905281209e-13,
-1.56,-1.5599999995045701,4.95429990328121e-13,
-1.55,-1.5499999995045701,4.95429990128121e-13,
-1.54,-1.5399999995045701,4.95429989928121e-13,
-1.53,-1.52999999950457,4.95429989728121e-13,
-1.52,-1.51999999950457,4.954299895281209e-13,
-1.51,-1.50999999950457,4.954299893281209e-13,
-1.5,-1.49999999950457,4.954299891281209e-13,
-1.49,-1.48999999950457,4.954299889281209e-13,
-1.48,-1.47999999950457,4.954299887281209e-13,
-1.47,-1.46999999950457,4.954299885281209e-13,
-1.46,-1.45999999950457,4.954299883281209e-13,
-1.45,-1.44999999950457,4.954299881281209e-13,
-1.44,-1.43999999950457,4.954299879281209e-13,
-1.43,-1.42999999950457,4.954299877281209e-13,
-1.42,-1.41999999950457,4.954299875281209e-13,
-1.41,-1.40999999950457,4.954299873281209e-13,
-1.4,-1.39999999950457,4.95429987128121e-13,
-1.39,-1.38999999950457,4.95429986928121e-13,
-1.38,-1.37999999950457,4.95429986728121e-13,
-1.37,-1.3699999995045702,4.95429986528121e-13,
-1.36,-1.3599999995045702,4.954299863281209e-13,
-1.35,-1.3499999995045702,4.954299861281209e-13,
-1.34,-1.3399999995045702,4.954299859281209e-13,
-1.33,-1.3299999995045702,4.954299857281209e-13,
-1.32,-1.3199999995045701,4.954299855281209e-13,
-1.31,-1.3099999995045701,4.954299853281209e-13,
-1.3,-1.2999999995045701,4.954299851281209e-13,
-1.29,-1.2899999995045701,4.954299849281209e-13,
-1.28,-1.27999999950457,4.954299847281209e-13,
-1.27,-1.26999999950457,4.954299845281209e-13,
-1.26,-1.25999999950457,4.954299843281209e-13,
-1.25,-1.24999999950457,4.95429984128121e-13,
-1.24,-1.23999999950457,4.95429983928121e-13,
-1.23,-1.22999999950457,4.95429983728121e-13,
-1.22,-1.21999999950457,4.95429983528121e-13,
-1.21,-1.20999999950457,4.95429983328121e-13,
-1.2,-1.19999999950457,4.954299831281209e-13,
-1.19,-1.18999999950457,4.954299829281209e-13,
-1.18,-1.17999999950457,4.954299827281209e-13,
-1.17,-1.16999999950457,4.954299825281209e-13,
-1.16,-1.15999999950457,4.954299823281209e-13,
-1.15,-1.14999999950457,4.954299821281209e-13,
-1.14,-1.13999999950457,4.954299819281209e-13,
-1.13,-1.12999999950457,4.954299817281209e-13,
-1.12,-1.1199999995045702,4.954299815281209e-13,
-1.11,-1.1099999995045702,4.954299813281209e-13,
-1.1,-1.0999999995045702,4.954299811281209e-13,
-1.09,-1.0899999995045702,4.95429980928121e-13,
-1.08,-1.0799999995045702,4.95429980728121e-13,
-1.07,-1.0699999995045701,4.95429980528121e-13,
-1.06,-1.0599999995045701,4.95429980328121e-13,
-1.05,-1.0499999995045701,4.95429980128121e-13,
-1.04,-1.0399999995045701,4.954299799281207e-13,
-1.03,-1.02999999950457,4.954299797281207e-13,
-1.02,-1.01999999950457,4.954299795281207e-13,
-1.01,-1.00999999950457,4.954299793281205e-13,
-1,-0.99999999950457,4.954299791281205e-13,
-0.99,-0.98999999950457,4.954299789281201e-13,
-0.98,-0.97999999950457,4.954299787281199e-13,
-0.97,-0.9699999995045699,4.954299785281193e-13,
-0.96,-0.9599999995045699,4.954299783281185e-13,
-0.95,-0.9499999995045699,4.954299781281175e-13,
-0.94,-0.9399999995045699,4.954299779281161e-13,
-0.93,-0.92999999950457,4.954299777281139e-13,
-0.92,-0.91999999950457,4.954299775281105e-13,
-0.91,-0.90999999950457,4.954299773281058e-13,
-0.9,-0.89999999950457,4.95429977128099e-13,
-0.89,-0.88999999950457,4.954299769280889e-13,
-0.88,-0.87999999950457,4.954299767280738e-13,
-0.87,-0.86999999950457,4.954299765280522e-13,
-0.86,-0.85999999950457,4.954299763280209e-13,
-0.85,-0.84999999950457,4.954299761279749e-13,
-0.84,-0.8399999995045699,4.954299759279079e-13,
-0.83,-0.8299999995045699,4.954299757278101e-13,
-0.82,-0.8199999995045699,4.954299755276675e-13,
-0.81,-0.80999999950457,4.954299753274595e-13,
-0.8,-0.79999999950457,4.954299751271568e-13,
-0.79,-0.78999999950457,4.954299749267152e-13,
-0.78,-0.7799999995045701,4.954299747260714e-13,
-0.77,-0.7699999995045701,4.954299745251337e-13,
-0.76,-0.7599999995045701,4.95429974323768e-13,
-0.75,-0.7499999995045701,4.954299741217786e-13,
-0.74,-0.7399999995045701,4.954299739188814e-13,
-0.73,-0.7299999995045701,4.954299737146629e-13,
-0.72,-0.71999999950457,4.95429973508522e-13,
-0.71,-0.70999999950457,4.954299732995842e-13,
-0.7,-0.69999999950457,4.954299730865781e-13,
-0.69,-0.68999999950457,4.954299728676559e-13,
-0.68,-0.6799999995045701,4.95429972640132e-13,
-0.67,-0.6699999995045701,4.954299724001046e-13,
-0.66,-0.6599999995045701,4.954299721419071e-13,
-0.65,-0.6499999995045701,4.954299718573095e-13,
-0.64,-0.6399999995045701,4.954299715343658e-13,
-0.63,-0.6299999995045701,4.954299711557364e-13,
-0.62,-0.6199999995045701,4.954299706962644e-13,
-0.61,-0.6099999995045701,4.954299701194592e-13,
-0.6,-0.5999999995045701,4.954299693724075e-13,
-0.59,-0.58999999950457,4.954299683784064e-13,
-0.58,-0.57999999950457,4.954299670263046e-13,
-0.57,-0.56999999950457,4.954299651550842e-13,
-0.56,-0.5599999995045701,4.954299643861097e-13,
-0.55,-0.5499999995045701,4.954299641233721e-13,
-0.54,-0.5399999995045701,4.954299637831998e-13,
-0.53,-0.5299999995045701,4.954299633287474e-13,
-0.52,-0.5199999995045701,4.954299627056376e-13,
-0.51,-0.5099999995045701,4.954299618336187e-13,
-0.5,-0.49999999950457,4.954299605942534e-13,
-0.49,-0.48999999950457,4.954299588127492e-13,
-0.48,-0.47999999950457,4.954299562311427e-13,
-0.47,-0.46999999950457,4.954299524687244e-13,
-0.46,-0.4599999995045701,4.954299469636346e-13,
-0.45,-0.4499999995045701,4.954299388866654e-13,
-0.44,-0.4399999995045701,4.954299270140514e-13,
-0.43,-0.4299999995045701,4.954299095397279e-13,
-0.42,-0.4199999995045701,4.954298837982586e-13,
-0.41,-0.4099999995045701,4.954298458559264e-13,
-0.4,-0.3999999995045702,4.954297899072496e-13,
-0.39,-0.3899999995045703,4.954297073843509e-13,
-0.38,-0.3799999995045704,4.954295856425392e-13,
-0.37,-0.3699999995045706,4.954294060204586e-13,
-0.36,-0.35999999950457084,4.954291409772031e-13,
-0.35,-0.3499999995045712,4.954287498672043e-13,
-0.34,-0.3399999995045718,4.954281727046975e-13,
-0.33,-0.3299999995045727,4.954273209611654e-13,
-0.32,-0.3199999995045739,4.954260639839677e-13,
-0.31,-0.3099999995045758,4.954242089526141e-13,
-0.3,-0.2999999995045785,4.954214712977183e-13,
-0.29,-0.28999999950458255,4.954174310445373e-13,
-0.28,-0.27999999950458854,4.95411468383659e-13,
-0.27,-0.26999999950459735,4.954026685845787e-13,
-0.26,-0.25999999950461034,4.953896816647408e-13,
-0.25,-0.24999999950462948,4.953705152855347e-13,
-0.24,-0.23999999950465775,4.953422291029369e-13,
-0.23,-0.22999999950469951,4.953004836824133e-13,
-0.22,-0.21999999950476112,4.952388747760463e-13,
-0.21,-0.20999999950485204,4.951479508317852e-13,
-0.2,-0.19999999950498626,4.950137630085885e-13,
-0.19,-0.18999999950518429,4.948157252518781e-13,
-0.18,-0.17999999950547654,4.945234561384333e-13,
-0.17,-0.16999999950590788,4.940921179907193e-13,
-0.16,-0.15999999950654448,4.934555382232059e-13,
-0.15,-0.14999999950748394,4.925160576502189e-13,
-0.14,-0.13999999950887046,4.9112954836034e-13,
-0.13,-0.1299999995109167,4.890833027141981e-13,
-0.12,-0.1199999995139366,4.860634013647851e-13,
-0.11,-0.10999999951839344,4.816065541515219e-13,
-0.1,-0.09999999952497098,4.750290256664095e-13,
-0.09,-0.08999999953467826,4.653217417963748e-13,
-0.08,-0.07999999954900451,4.5099548529027223e-13,
-0.07,-0.06999999957014758,4.2985243143969625e-13,
-0.06,-0.05999999960135102,3.986489746281861e-13,
-0.05,-0.049999999647401885,3.5259811918399553e-13,
-0.04,-0.03999999971536491,2.846350951632476e-13,
-0.03,-0.029999999815666464,1.8433353549032717e-13,
-0.02,-0.019999999963694056,3.630594272303352e-14,
-0.01,-0.010000000182156943,-1.8215694253348246e-13,
-5.30208513689806e-30,-5.045700212134944e-10,-5.045700212134944e-13,
0.01,0.009999999019606846,-9.803931543046627e-13,
0.02,0.01999999831737282,-1.6826271801590793e-12,
0.03,0.029999997280997937,-2.7190020619958694e-12,
0.04,0.039999995751489666,-4.248510335963522e-12,
0.05,0.049999993494191604,-6.505808400803138e-12,
0.06,0.05999999016282556,-9.837174439278278e-12,
0.07,0.06999998524631237,-1.4753687635782625e-11,
0.08,0.07999997799040051,-2.2009599485854224e-11,
0.09,0.08999996728194865,-3.2718051348258306e-11,
0.1,0.09999995147815921,-4.852184079196905e-11,
0.11,0.10999992815456013,-7.184543987382338e-11,
0.12,0.1199998937330765,-1.0626692349852517e-10,
0.13,0.12999984293314368,-1.5706685632226197e-10,
0.14,0.13999976796167743,-2.320383225737795e-10,
0.15,0.14999965731767978,-3.426823202035933e-10,
0.16,0.15999949402819516,-5.059718048564101e-10,
0.17,0.16999925304521396,-7.469547860611228e-10,
0.18,0.17999889740466452,-1.1025953354889885e-9,
0.19,0.1899983725592957,-1.627440704317457e-9,
0.2,0.19999759801835493,-2.4019816450877376e-9,
0.21,0.20999645501651537,-3.5449834846248054e-9,
0.22,0.21999476833126194,-5.231668738060735e-9,
0.23,0.22999227948312342,-7.720516876596394e-9,
0.24,0.23998860725915613,-1.1392740843862253e-8,
0.25,0.24998318961613178,-1.6810383868213445e-8,
0.26,0.25997519829525495,-2.4801704745074226e-8,
0.27,0.26996341357963116,-3.6586420368862476e-8,
0.28,0.2799460411283722,-5.395887162787378e-8,
0.29,0.2899204452629588,-7.955473704118315e-8,
0.3,0.2998827631040308,-1.1723689596923351e-7,
0.31,0.3098273516978706,-1.7264830212939917e-7,
0.32,0.31974600724738356,-2.539927526164745e-7,
0.33,0.3296268864526798,-3.7311354732021836e-7,
0.34,0.3394530658003034,-5.469341996966521e-7,
0.35,0.34920071739249303,-7.992826075069395e-7,
0.36,0.3588369962030702,-0.000001163003796929801,
0.37,0.36831796885691165,-0.0000016820311430883347,
0.38,0.37758728715065437,-0.0000024127128493456065,
0.39,0.3865767267324009,-0.0000034232732675991276,
0.4,0.39520985592096275,-0.0000047901440790372496,
0.41,0.4034094701586395,-0.00000659052984136047,
0.42,0.4111077859293924,-0.000008892214070607563,
0.43,0.4182564545303673,-0.000011743545469632662,
0.44,0.42483281745885193,-0.000015167182541148085,
0.45,0.4308403959294364,-0.000019159604070563594,
0.46,0.4363043166462882,-0.00002369568335371178,
0.47,0.4412641957220358,-0.000028735804277964176,
0.48,0.445767046408498,-0.00003423295359150196,
0.49,0.44986171616988957,-0.0000401382838301104,
0.5,0.4535952414377911,-0.00004640475856220891,
0.51,0.4570108498707677,-0.00005298915012923234,
0.52,0.4601471273885017,-0.00005985287261149831,
0.53,0.46303790270150746,-0.00006696209729849256,
0.54,0.4657125204803101,-0.00007428747951968995,
0.55,0.46819629137076674,-0.0000818037086292333,
0.56,0.4705109951266576,-0.00008948900487334241,
0.57,0.47267537104666046,-0.00009732462895333947,
0.58,0.47470556485320897,-0.000105294435146791,
0.59,0.47661552084844794,-0.00011338447915155202,
0.6,0.4784173185301711,-0.00012158268146982889,
0.61,0.48012145778222787,-0.00012987854221777214,
0.62,0.4817370986990475,-0.00013826290130095246,
0.63,0.4832722624902017,-0.0001467277375097983,
0.64,0.4847339995452337,-0.0001552660004547663,
0.65,0.48612853006081824,-0.00016387146993918178,
0.66,0.4874613618706417,-0.00017253863812935832,
0.67,0.48873738938485534,-0.00018126261061514472,
0.68,0.4899609768886284,-0.00019003902311137165,
0.69,0.49113602888322433,-0.00019886397111677561,
0.7,0.4922660496768018,-0.00020773395032319813,
0.71,0.4933541940372464,-0.00021664580596275355,
0.72,0.49440331039475455,-0.0002255966896052454,
0.73,0.49541597781644553,-0.00023458402218355445,
0.74,0.4963945377588039,-0.00024360546224119612,
0.75,0.4973411214273559,-0.00025265887857264406,
0.76,0.4982576734292504,-0.0002617423265707496,
0.77,0.499145972287137,-0.00027085402771286304,
0.78,0.500007648286904,-0.00027999235171309605,
0.79,0.5008441990533608,-0.0002891558009466393,
0.8,0.5016570031835159,-0.0002983429968164841,
0.81,0.5024473322140764,-0.00030755266778592367,
0.82,0.503216361156016,-0.000316783638843984,
0.83,0.5039651777928228,-0.0003260348222071772,
0.84,0.5046947909089502,-0.00033530520909104975,
0.85,0.5054061375899317,-0.00034459386241006835,
0.86,0.506100089714699,-0.00035389991028530093,
0.87,0.5067774597431011,-0.00036322254025689896,
0.88,0.5074390058868901,-0.00037256099411311,
0.89,0.508085436740028,-0.000381914563259972,
0.9,0.5087174154336683,-0.0003912825845663317,
0.91,0.5093355633722801,-0.00040066443662771994,
0.92,0.5099404635998207,-0.0004100595364001793,
0.93,0.5105326638384245,-0.00041946733616157555,
0.94,0.5111126792365737,-0.00042888732076342627,
0.95,0.5116809948590004,-0.0004383190051409996,
0.96,0.5122380679465267,-0.0004477619320534732,
0.97,0.5127843299705588,-0.0004572156700294412,
0.98,0.5133201885039512,-0.0004666798114960488,
0.99,0.5138460289273472,-0.00047615397107265284,
1,0.5143622159878593,-0.00048563778401214077,
1.01,0.514869095224979,-0.000495130904775021,
1.02,0.515366994276915,-0.000504633005723085,
1.03,0.515856224079058,-0.0005141437759209421,
1.04,0.5163370799649748,-0.0005236629200350252,
1.05,0.5168098426791967,-0.0005331901573208033,
1.06,0.517274779310057,-0.000542725220689943,
1.07,0.5177321441499629,-0.0005522678558500371,
1.08,0.5181821794897045,-0.0005618178205102956,
1.09,0.5186251163527199,-0.0005713748836472802,
1.1,0.5190611751746352,-0.0005809388248253648,
1.11,0.5194905664328522,-0.0005905094335671479,
1.12,0.5199134912304911,-0.0006000865087695089,
1.13,0.5203301418385671,-0.0006096698581614328,
1.14,0.5207407021999021,-0.0006192592978000978,
1.15,0.5211453483979441,-0.0006288546516020558,
1.16,0.5215442490933577,-0.0006384557509066422,
1.17,0.5219375659309904,-0.0006480624340690096,
1.18,0.5223254539195753,-0.0006576745460804247,
1.19,0.5227080617863116,-0.0006672919382136884,
1.2,0.5230855323082829,-0.000676914467691717,
1.21,0.5234580026224865,-0.0006865419973775135,
1.22,0.5238256045160982,-0.0006961743954839018,
1.23,0.5241884646984559,-0.0007058115353015441,
1.24,0.5245467050561162,-0.0007154532949438838,
1.25,0.5249004428922214,-0.0007250995571077787,
1.26,0.5252497911513159,-0.0007347502088486842,
1.27,0.5255948586306527,-0.0007444051413693474,
1.28,0.5259357501789442,-0.0007540642498210559,
1.29,0.5262725668834393,-0.0007637274331165608,
1.3,0.5266054062461308,-0.0007733945937538692,
1.31,0.5269343623498428,-0.0007830656376501573,
1.32,0.5272595260148758,-0.0007927404739851243,
1.33,0.5275809849468505,-0.0008024190150531496,
1.34,0.5278988238763275,-0.0008121011761236727,
1.35,0.5282131246907442,-0.0008217868753092559,
1.36,0.5285239665591706,-0.0008314760334408296,
1.37,0.5288314260503391,-0.000841168573949661,
1.38,0.5291355772443829,-0.000850864422755617,
1.39,0.5294364918386739,-0.000860563508161326,
1.4,0.529734239248131,-0.0008702657607518689,
1.41,0.5300288867003378,-0.0008799711132996622,
1.42,0.5303204993257888,-0.0008896795006742111,
1.43,0.5306091402435583,-0.0008993908597564416,
1.44,0.5308948706426639,-0.000909105129357336,
1.45,0.5311777498593853,-0.0009188222501406147,
1.46,0.5314578354507709,-0.0009285421645492291,
1.47,0.5317351832645572,-0.0009382648167354428,
1.48,0.5320098475057082,-0.0009479901524942917,
1.49,0.5322818807997659,-0.0009577181192002341,
1.5,0.5325513342531938,-0.0009674486657468062,
1.51,0.5328182575108841,-0.000977181742489116,
1.52,0.5330826988109824,-0.0009869173011890177,
1.53,0.5333447050371815,-0.0009966552949628186,
1.54,0.5336043217686194,-0.0010063956782313808,
1.55,0.5338615933275155,-0.0010161384066724845,
1.56,0.5341165628246618,-0.0010258834371753383,
1.57,0.5343692722028867,-0.0010356307277971134,
1.58,0.534619762278596,-0.001045380237721404,
1.59,0.5348680727814953,-0.0010551319272185048,
1.6,0.5351142423925831,-0.001064885757607417,
1.61,0.5353583087805088,-0.0010746416912194912,
1.62,0.5356003086363745,-0.0010843996913636256,
1.63,0.535840277707064,-0.001094159722292936,
1.64,0.5360782508271683,-0.0011039217491728315,
1.65,0.5363142619495812,-0.0011136857380504186,
1.66,0.5365483441748284,-0.0011234516558251714,
1.67,0.5367805297791939,-0.001133219470220806,
1.68,0.5370108502417005,-0.0011429891497582994,
1.69,0.5372393362700012,-0.0011527606637299988,
1.7,0.5374660178252325,-0.0011625339821747674,
1.71,0.5376909241458803,-0.0011723090758541197,
1.72,0.5379140837707024,-0.0011820859162292975,
1.73,0.5381355245607559,-0.0011918644754392441,
1.74,0.5383552737205658,-0.0012016447262794341,
1.75,0.5385733578184796,-0.0012114266421815205,
1.76,0.5387898028062416,-0.0012212101971937584,
1.77,0.5390046340378223,-0.0012309953659621778,
1.78,0.5392178762875409,-0.001240782123712459,
1.79,0.5394295537675059,-0.0012505704462324942,
1.8,0.5396396901444086,-0.0012603603098555914,
1.81,0.5398483085556982,-0.0012701516914443017,
1.82,0.5400554316251626,-0.0012799445683748375,
1.83,0.5402610814779427,-0.0012897389185220574,
1.84,0.5404652797550054,-0.0012995347202449947,
1.85,0.540668047627096,-0.001309331952372904,
1.86,0.5408694058081956,-0.0013191305941918044,
1.87,0.5410693745685005,-0.0013289306254314996,
1.88,0.5412679737469464,-0.0013387320262530536,
1.89,0.5414652227632969,-0.0013485347772367031,
1.9,0.5416611406298109,-0.0013583388593701891,
1.91,0.54185574596251,-0.00136814425403749,
1.92,0.5420490569920609,-0.001377950943007939,
1.93,0.5422410915742865,-0.0013877589084257136,
1.94,0.5424318672003242,-0.0013975681327996758,
1.95,0.5426214010064432,-0.0014073785989935567,
1.96,0.5428097097835339,-0.0014171902902164661,
1.97,0.5429968099862856,-0.0014270031900137144,
1.98,0.5431827177420603,-0.0014368172822579396,
1.99,0.5433674488594775,-0.0014466325511405225,
2,0.5435510188367217,-0.0014564489811632782,
2.01,0.5437334428695798,-0.00146626655713042,
2.02,0.5439147358592227,-0.0014760852641407774,
2.03,0.5440949124197382,-0.0014859050875802617,
2.04,0.544273986885426,-0.001495726013114574,
2.05,0.5444519733178637,-0.0015055480266821363,
2.06,0.5446288855127501,-0.00151537111448725,
2.07,0.5448047370065389,-0.001525195262993461,
2.08,0.5449795410828637,-0.0015350204589171365,
2.09,0.5451533107787703,-0.0015448466892212297,
2.1,0.5453260588907554,-0.0015546739411092447,
2.11,0.5454977979806228,-0.001564502202019377,
2.12,0.5456685403811654,-0.0015743314596188347,
2.13,0.5458382982016728,-0.001584161701798327,
2.14,0.546007083333279,-0.001593992916666721,
2.15,0.546174907454149,-0.0016038250925458509,
2.16,0.5463417820345138,-0.0016136582179654864,
2.17,0.5465077183415574,-0.0016234922816584425,
2.18,0.5466727274441618,-0.0016333272725558383,
2.19,0.5468368202175153,-0.0016431631797824847,
2.2,0.5470000073475865,-0.0016529999926524139,
2.21,0.5471622993354721,-0.0016628377006645278,
2.22,0.5473237065016199,-0.0016726762934983804,
2.23,0.5474842389899324,-0.0016825157610100678,
2.24,0.5476439067717549,-0.0016923560932282453,
2.25,0.5478027196497528,-0.0017021972803502473,
2.26,0.5479606872616797,-0.00171203931273832,
2.27,0.5481178190840412,-0.0017218821809159587,
2.28,0.5482741244356597,-0.0017317258755643401,
2.29,0.5484296124811391,-0.001741570387518861,
2.3,0.548584292234237,-0.0017514157077657628,
2.31,0.548738172561144,-0.001761261827438856,
2.32,0.5488912621836762,-0.0017711087378163236,
2.33,0.5490435696823807,-0.0017809564303176194,
2.34,0.5491951034995595,-0.0017908048965004403,
2.35,0.5493458719422117,-0.0018006541280577884,
2.36,0.5494958831849001,-0.0018105041168150998,
2.37,0.5496451452725398,-0.0018203548547274602,
2.38,0.5497936661231175,-0.0018302063338768823,
2.39,0.5499414535303361,-0.0018400585464696641,
2.4,0.5500885151661945,-0.0018499114848338054,
2.41,0.5502348585834987,-0.0018597651414165013,
2.42,0.5503804912183102,-0.0018696195087816898,
2.43,0.55052542039233,-0.0018794745796076701,
2.44,0.5506696533152252,-0.0018893303466847747,
2.45,0.550813197086894,-0.0018991868029131062,
2.46,0.5509560586996757,-0.0019090439413003244,
2.47,0.5510982450405041,-0.0019189017549594962,
2.48,0.5512397628930099,-0.0019287602371069901,
2.49,0.551380618939568,-0.0019386193810604323,
2.5,0.5515208197632959,-0.0019484791802367042,
2.51,0.5516603718500052,-0.0019583396281499946,
2.52,0.5517992815901004,-0.0019682007184098995,
2.53,0.5519375552804375,-0.0019780624447195624,
2.54,0.552075199126134,-0.001987924800873866,
2.55,0.5522122192423357,-0.0019977877807576642,
2.56,0.5523486216559437,-0.0020076513783440562,
2.57,0.5524844123072976,-0.0020175155876927023,
2.58,0.55261959705182,-0.00202738040294818,
2.59,0.5527541816616219,-0.002037245818338378,
2.6,0.552888171827072,-0.002047111828172928,
2.61,0.5530215731583256,-0.002056978426841674,
2.62,0.5531543911868229,-0.0020668456088131773,
2.63,0.5532866313667487,-0.002076713368633251,
2.64,0.5534182990764598,-0.0020865817009235402,
2.65,0.5535493996198805,-0.0020964506003801195,
2.66,0.5536799382278647,-0.0021063200617721357,
2.67,0.5538099200595286,-0.0021161900799404713,
2.68,0.5539393502035516,-0.0021260606497964488,
2.69,0.5540682336794495,-0.0021359317663205506,
2.7,0.5541965754388184,-0.0021458034245611817,
2.71,0.5543243803665503,-0.0021556756196334497,
2.72,0.5544516532820226,-0.002165548346717978,
2.73,0.5545783989402608,-0.002175421601059739,
2.74,0.554704622033076,-0.002185295377966924,
2.75,0.5548303271901768,-0.0021951696728098233,
2.76,0.5549555189802569,-0.002205044481019743,
2.77,0.5550802019120604,-0.0022149197980879396,
2.78,0.5552043804354222,-0.0022247956195645775,
2.79,0.5553280589422871,-0.0022346719410577132,
2.8,0.5554512417677065,-0.002244548758232293,
2.81,0.5555739331908142,-0.0022544260668091857,
2.82,0.5556961374357811,-0.002264303862564219,
2.83,0.5558178586727498,-0.0022741821413272503,
2.84,0.5559391010187494,-0.0022840608989812506,
2.85,0.5560598685385911,-0.002293940131461409,
2.86,0.5561801652457452,-0.002303819834754255,
2.87,0.5562999951031993,-0.002313700004896801,
2.88,0.5564193620242993,-0.0023235806379757005,
2.89,0.5565382698735728,-0.0023334617301264274,
2.9,0.5566567224675355,-0.0023433432775324644,
2.91,0.5567747235754805,-0.0023532252764245196,
2.92,0.5568922769202523,-0.0023631077230797477,
2.93,0.5570093861790055,-0.0023729906138209946,
2.94,0.557126054983946,-0.002382873945016054,
2.95,0.5572422869230598,-0.0023927577130769405,
2.96,0.5573580855408253,-0.0024026419144591747,
2.97,0.5574734543389122,-0.0024125265456610883,
2.98,0.5575883967768658,-0.0024224116032231344,
2.99,0.5577029162727791,-0.0024322970837272213,
3,0.55781701620395,-0.00244218298379605,
3.01,0.557930699907526,-0.0024520693000924737,
3.02,0.5580439706811369,-0.0024619560293188633,
3.03,0.5581568317835144,-0.0024718431682164855,
3.04,0.5582692864351,-0.0024817307135649,
3.05,0.5583813378186407,-0.0024916186621813594,
3.06,0.5584929890797738,-0.002501507010920226,
3.07,0.5586042433276,-0.0025113957566724,
3.08,0.5587151036352452,-0.002521284896364755,
3.09,0.5588255730404127,-0.0025311744269595872,
3.1,0.5589356545459231,-0.0025410643454540772,
3.11,0.559045351120246,-0.002550954648879754,
3.12,0.5591546656980201,-0.00256084533430198,
3.13,0.559263601180564,-0.002570736398819436,
3.14,0.5593721604363775,-0.0025806278395636225,
3.15,0.5594803463016339,-0.002590519653698366,
3.16,0.5595881615806619,-0.0026004118384193383,
3.17,0.5596956090464202,-0.0026103043909535798,
3.18,0.5598026914409617,-0.0026201973085590385,
3.19,0.5599094114758907,-0.0026300905885241095,
3.2,0.56001577183281,-0.00263998422816719,
3.21,0.5601217751637622,-0.0026498782248362378,
3.22,0.5602274240916596,-0.0026597725759083405,
3.23,0.5603327212107102,-0.00266966727878929,
3.24,0.5604376690868325,-0.002679562330913168,
3.25,0.5605422702580654,-0.0026894577297419345,
3.26,0.5606465272349686,-0.0026993534727650314,
3.27,0.5607504425010176,-0.0027092495574989827,
3.28,0.5608540185129914,-0.0027191459814870085,
3.29,0.5609572577013516,-0.0027290427422986484,
3.3,0.5610601624706172,-0.0027389398375293828,
3.31,0.5611627351997309,-0.002748837264800269,
3.32,0.5612649782424202,-0.0027587350217575797,
3.33,0.561366893927551,-0.002768633106072449,
3.34,0.5614684845594767,-0.002778531515440523,
3.35,0.5615697524183794,-0.0027884302475816207,
3.36,0.5616706997606058,-0.002798329300239394,
3.37,0.5617713288189987,-0.0028082286711810017,
3.38,0.5618716418032198,-0.00281812835819678,
3.39,0.5619716409000708,-0.0028280283590999293,
3.4,0.5620713282738047,-0.002837928671726195,
3.41,0.562170706066436,-0.002847829293933564,
3.42,0.5622697763980423,-0.002857730223601958,
3.43,0.5623685413670632,-0.002867631458632937,
3.44,0.5624670030505916,-0.0028775329969494084,
3.45,0.5625651635046637,-0.0028874348364953365,
3.46,0.56266302476454,-0.00289733697523546,
3.47,0.562760588844985,-0.0029072394111550152,
3.48,0.5628578577405401,-0.00291714214225946,
3.49,0.562954833425793,-0.002927045166574207,
3.5,0.5630515178556429,-0.0029369484821443574,
3.51,0.5631479129655597,-0.0029468520870344402,
3.52,0.5632440206718408,-0.0029567559793281595,
3.53,0.5633398428718633,-0.0029666601571281363,
3.54,0.5634353814443309,-0.002976564618555669,
3.55,0.5635306382495177,-0.0029864693617504823,
3.56,0.5636256151295084,-0.002996374384870492,
3.57,0.563720313908434,-0.003006279686091566,
3.58,0.5638147363927036,-0.0030161852636072964,
3.59,0.5639088843712331,-0.003026091115628767,
3.6,0.5640027596156695,-0.003035997240384331,
3.61,0.5640963638806121,-0.0030459036361193876,
3.62,0.5641896989038304,-0.0030558103010961696,
3.63,0.5642827664064777,-0.003065717233593522,
3.64,0.5643755680933018,-0.0030756244319066982,
3.65,0.5644681056528534,-0.0030855318943471466,
3.66,0.5645603807576882,-0.003095439619242312,
3.67,0.5646523950645702,-0.00310534760493543,
3.68,0.5647441502146677,-0.0031152558497853323,
3.69,0.5648356478337493,-0.0031251643521662507,
3.7,0.5649268895323739,-0.0031350731104676263,
3.71,0.5650178769060815,-0.0031449821230939185,
3.72,0.5651086115355776,-0.003154891388464423,
3.73,0.565199094986916,-0.003164800905013084,
3.74,0.5652893288116805,-0.0031747106711883196,
3.75,0.5653793145471605,-0.0031846206854528394,
3.76,0.5654690537165262,-0.0031945309462834736,
3.77,0.5655585478290017,-0.0032044414521709983,
3.78,0.5656477983800327,-0.0032143522016199674,
3.79,0.5657368068514544,-0.0032242631931485456,
3.8,0.565825574711656,-0.003234174425288344,
3.81,0.5659141034157416,-0.0032440858965842585,
3.82,0.5660023944056908,-0.0032539976055943093,
3.83,0.566090449110515,-0.0032639095508894852,
3.84,0.5661782689464118,-0.003273821731053588,
3.85,0.5662658553169189,-0.0032837341446830814,
3.86,0.566353209613063,-0.003293646790386937,
3.87,0.5664403332135074,-0.0033035596667864925,
3.88,0.5665272274846991,-0.003313472772515301,
3.89,0.566613893781012,-0.0033233861062189883,
3.9,0.5667003334448876,-0.0033332996665551124,
3.91,0.5667865478069759,-0.003343213452193024,
3.92,0.566872538186271,-0.0033531274618137288,
3.93,0.5669583058902483,-0.003363041694109752,
3.94,0.5670438522149975,-0.0033729561477850024,
3.95,0.5671291784453534,-0.003382870821554647,
3.96,0.5672142858550265,-0.0033927857141449734,
3.97,0.5672991757067299,-0.00340270082429327,
3.98,0.567383849252307,-0.0034126161507476932,
3.99,0.5674683077328531,-0.003422531692267147,
4,0.56755255237884,-0.00343244744762116,
4.01,0.5676365844102361,-0.003442363415589764,
4.02,0.5677204050366249,-0.003452279594963375,
4.03,0.5678040154573226,-0.003462195984542678,
4.04,0.567887416861494,-0.003472112583138506,
4.05,0.5679706104282664,-0.0034820293895717336,
4.06,0.5680535973268417,-0.003491946402673158,
4.07,0.5681363787166072,-0.0035018636212833932,
4.08,0.5682189557472462,-0.0035117810442527536,
4.09,0.5683013295588442,-0.003521698670441156,
4.1,0.5683835012819959,-0.003531616498718004,
4.11,0.5684654720379104,-0.00354153452796209,
4.12,0.5685472429385141,-0.003551452757061486,
4.13,0.5686288150865529,-0.0035613711849134468,
4.14,0.568710189575693,-0.0035712898104243067,
4.15,0.5687913674906194,-0.003581208632509381,
4.16,0.5688723499071344,-0.0035911276500928658,
4.17,0.5689531378922548,-0.003601046862107745,
4.18,0.5690337325043051,-0.0036109662674956946,
4.19,0.5691141347930144,-0.0036208858652069863,
4.2,0.5691943457996059,-0.0036308056542003943,
4.21,0.5692743665568906,-0.0036407256334431096,
4.22,0.5693541980893569,-0.003650645801910643,
4.23,0.5694338414132594,-0.003660566158586741,
4.24,0.5695132975367068,-0.0036704867024632934,
4.25,0.5695925674597491,-0.003680407432540251,
4.26,0.569671652174462,-0.003690328347825538,
4.27,0.5697505526650326,-0.003700249447334967,
4.28,0.5698292699078418,-0.0037101707300921587,
4.29,0.5699078048715468,-0.0037200921951284533,
4.3,0.569986158517162,-0.003730013841482838,
4.31,0.5700643317981394,-0.0037399356682018604,
4.32,0.5701423256604473,-0.003749857674339553,
4.33,0.5702201410426487,-0.0037597798589573514,
4.34,0.5702977788759775,-0.0037697022211240225,
4.35,0.5703752400844153,-0.0037796247599155845,
4.36,0.5704525255847658,-0.0037895474744152344,
4.37,0.5705296362867291,-0.003799470363713271,
4.38,0.5706065730929749,-0.0038093934269070252,
4.39,0.570683336899214,-0.0038193166631007858,
4.4,0.5707599285942706,-0.0038292400714057297,
4.41,0.5708363490601513,-0.003839163650939849,
4.42,0.5709125991721161,-0.003849087400827884,
4.43,0.570988679798745,-0.0038590113202012547,
4.44,0.5710645918020074,-0.003868935408197993,
4.45,0.5711403360373278,-0.0038788596639626723,
4.46,0.5712159133536527,-0.0038887840866463474,
4.47,0.5712913245935151,-0.003898708675406485,
4.48,0.5713665705930983,-0.003908633429406902,
4.49,0.5714416521823009,-0.003918558347817699,
4.5,0.5715165701847985,-0.003928483429815202,
4.51,0.5715913254181055,-0.003938408674581895,
4.52,0.5716659186936375,-0.003948334081306362,
4.53,0.57174035081677,-0.00395825964918323,
4.54,0.5718146225868994,-0.003968185377413101,
4.55,0.5718887347975018,-0.003978111265202498,
4.56,0.5719626882361903,-0.003988037311763809,
4.57,0.5720364836847741,-0.003997963516315226,
4.58,0.5721101219193134,-0.004007889878080687,
4.59,0.5721836037101773,-0.004017816396289823,
4.6,0.5722569298220977,-0.004027743070177902,
4.61,0.5723301010142258,-0.0040376698989857745,
4.62,0.5724031180401842,-0.004047596881959816,
4.63,0.5724759816481217,-0.004057524018351878,
4.64,0.5725486925807665,-0.004067451307419233,
4.65,0.5726212515754763,-0.004077378748424524,
4.66,0.5726936593642922,-0.004087306340635708,
4.67,0.5727659166739884,-0.004097234083326012,
4.68,0.5728380242261222,-0.004107161975773877,
4.69,0.5729099827370849,-0.004117090017262915,
4.7,0.5729817929181501,-0.0041270182070818505,
4.71,0.5730534554755226,-0.0041369465445244774,
4.72,0.5731249711103854,-0.004146875028889614,
4.73,0.5731963405189487,-0.004156803659481052,
4.74,0.573267564392496,-0.004166732435607504,
4.75,0.5733386434174302,-0.00417666135658257,
4.76,0.5734095782753192,-0.004186590421724681,
4.77,0.5734803696429421,-0.0041965196303570575,
4.78,0.5735510181923327,-0.004206448981807668,
4.79,0.5736215245908244,-0.004216378475409175,
4.8,0.5736918895010942,-0.004226308110498906,
4.81,0.5737621135812045,-0.0042362378864187955,
4.82,0.5738321974846473,-0.004246167802515353,
4.83,0.5739021418603858,-0.004256097858139614,
4.84,0.5739719473528955,-0.004266028052647104,
4.85,0.574041614602206,-0.004275958385397793,
4.86,0.5741111442439423,-0.004285888855756058,
4.87,0.5741805369093635,-0.004295819463090636,
4.88,0.5742497932254041,-0.004305750206774596,
4.89,0.5743189138147129,-0.004315681086185287,
4.9,0.5743878992956913,-0.004325612100704309,
4.91,0.574456750282533,-0.004335543249717467,
4.92,0.5745254673852608,-0.004345474532614739,
4.93,0.5745940512097648,-0.004355405948790235,
4.94,0.5746625023578399,-0.0043653374976421605,
4.95,0.5747308214272218,-0.004375269178572778,
4.96,0.5747990090116241,-0.004385200990988376,
4.97,0.574867065700774,-0.004395132934299226,
4.98,0.5749349920804473,-0.004405065007919554,
4.99,0.5750027887325045,-0.004414997211267496,
5,0.5750704562349253,-0.004424929543765075,
5.01,0.5751379951618422,-0.004434862004838158,
5.02,0.5752054060835757,-0.004444794593916424,
5.03,0.5752726895666672,-0.004454727310433333,
5.04,0.5753398461739122,-0.004464660153826088,
5.05,0.5754068764643936,-0.004474593123535606,
5.06,0.5754737809935144,-0.004484526219006486,
5.07,0.5755405603130289,-0.004494459439686972,
5.08,0.5756072149710756,-0.004504392785028925,
5.09,0.5756737455122081,-0.004514326254487792,
5.1,0.5757401524774267,-0.004524259847522573,
5.11,0.5758064364042085,-0.004534193563595792,
5.12,0.5758725978265384,-0.0045441274021734614,
5.13,0.5759386372749395,-0.004554061362725061,
5.14,0.5760045552765023,-0.004563995444723497,
5.15,0.5760703523549143,-0.004573929647645086,
5.16,0.5761360290304898,-0.00458386397096951,
5.17,0.5762015858201978,-0.004593798414179802,
5.18,0.5762670232376913,-0.004603732976762308,
5.19,0.5763323417933359,-0.004613667658206665,
5.2,0.5763975419942363,-0.004623602458005764,
5.21,0.5764626243442655,-0.004633537375655735,
5.22,0.5765275893440917,-0.004643472410655909,
5.23,0.5765924374912043,-0.0046534075625087965,
5.24,0.5766571692799428,-0.004663342830720058,
5.25,0.5767217852015215,-0.004673278214798479,
5.26,0.5767862857440568,-0.004683213714255943,
5.27,0.5768506713925922,-0.0046931493286074075,
5.28,0.5769149426291253,-0.004703085057370875,
5.29,0.5769790999326319,-0.004713020900067368,
5.3,0.5770431437790918,-0.004722956856220908,
5.31,0.5771070746415142,-0.004732892925358486,
5.32,0.5771708929899613,-0.004742829107010039,
5.33,0.5772345992915733,-0.004752765400708427,
5.34,0.5772981940105923,-0.004762701805989407,
5.35,0.5773616776083867,-0.004772638322391613,
5.36,0.5774250505434743,-0.004782574949456526,
5.37,0.5774883132715454,-0.004792511686728455,
5.38,0.5775514662454871,-0.004802448533754513,
5.39,0.5776145099154053,-0.004812385490084594,
5.4,0.5776774447286473,-0.004822322555271353,
5.41,0.5777402711298252,-0.004832259728870175,
5.42,0.5778029895608372,-0.004842197010439163,
5.43,0.5778656004608899,-0.00485213439953911,
5.44,0.5779281042665199,-0.00486207189573348,
5.45,0.5779905014116165,-0.004872009498588384,
5.46,0.5780527923274409,-0.004881947207672559,
5.47,0.5781149774426496,-0.00489188502255735,
5.48,0.5781770571833137,-0.004901822942816687,
5.49,0.5782390319729406,-0.00491176096802706,
5.5,0.5783009022324938,-0.004921699097767507,
5.51,0.5783626683804134,-0.004931637331619587,
5.52,0.5784243308326368,-0.004941575669167363,
5.53,0.578485890002618,-0.0049515141099973825,
5.54,0.5785473463013469,-0.004961452653698653,
5.55,0.5786087001373701,-0.00497139129986263,
5.56,0.5786699519168088,-0.004981330048083191,
5.57,0.5787311020433787,-0.0049912688979566215,
5.58,0.5787921509184094,-0.005001207849081591,
5.59,0.5788530989408617,-0.005011146901059138,
5.6,0.5789139465073473,-0.005021086053492652,
5.61,0.5789746940121474,-0.005031025305987853,
5.62,0.5790353418472297,-0.00504096465815277,
5.63,0.5790958904022678,-0.005050904109597732,
5.64,0.5791563400646579,-0.005060843659935342,
5.65,0.5792166912195372,-0.005070783308780464,
5.66,0.5792769442498011,-0.005080723055750199,
5.67,0.5793370995361209,-0.005090662900463879,
5.68,0.5793971574569604,-0.00510060284254304,
5.69,0.5794571183885933,-0.005110542881611407,
5.7,0.57951698270512,-0.00512048301729488,
5.71,0.5795767507784845,-0.005130423249221515,
5.72,0.5796364229784902,-0.00514036357702151,
5.73,0.579695999672817,-0.005150304000327183,
5.74,0.5797554812270374,-0.005160244518772963,
5.75,0.5798148680046319,-0.0051701851319953685,
5.76,0.5798741603670061,-0.005180125839632994,
5.77,0.5799333586735054,-0.005190066641326495,
5.78,0.5799924632814307,-0.005200007536718569,
5.79,0.5800514745460545,-0.005209948525453946,
5.8,0.5801103928206361,-0.005219889607179363,
5.81,0.5801692184564359,-0.005229830781543564,
5.82,0.5802279518027311,-0.005239772048197269,
5.83,0.580286593206831,-0.005249713406793169,
5.84,0.5803451430140909,-0.005259654856985909,
5.85,0.580403601567927,-0.005269596398432073,
5.86,0.5804619692098312,-0.005279538030790169,
5.87,0.5805202462793849,-0.005289479753720615,
5.88,0.5805784331142739,-0.005299421566885726,
5.89,0.5806365300503015,-0.005309363469949698,
5.9,0.5806945374214032,-0.005319305462578597,
5.91,0.5807524555596607,-0.00532924754444034,
5.92,0.5808102847953147,-0.005339189715204686,
5.93,0.580868025456779,-0.0053491319745432205,
5.94,0.580925677870654,-0.005359074322129347,
5.95,0.5809832423617397,-0.00536901675763826,
5.96,0.5810407192530498,-0.00537895928074695,
5.97,0.581098108865823,-0.005388901891134177,
5.98,0.5811554115195378,-0.005398844588480463,
5.99,0.581212627531924,-0.005408787372468076,
6,0.5812697572189763,-0.005418730242781024,
6.01,0.5813268008949667,-0.005428673199105033,
6.02,0.5813837588724565,-0.0054386162411275436,
6.03,0.5814406314623088,-0.005448559368537691,
6.04,0.5814974189737016,-0.005458502581026299,
6.05,0.5815541217141388,-0.005468445878285861,
6.06,0.5816107399894634,-0.005478389260010537,
6.07,0.581667274103868,-0.0054883327258961325,
6.08,0.5817237243599078,-0.005498276275640092,
6.09,0.5817800910585125,-0.005508219908941487,
6.1,0.5818363744989962,-0.005518163625501004,
6.11,0.5818925749790712,-0.005528107425020929,
6.12,0.5819486927948576,-0.005538051307205143,
6.13,0.5820047282408956,-0.005547995271759105,
6.14,0.5820606816101564,-0.005557939318389844,
6.15,0.5821165531940534,-0.005567883446805947,
6.16,0.5821723432824529,-0.005577827656717547,
6.17,0.5822280521636856,-0.005587771947836315,
6.18,0.5822836801245567,-0.005597716319875443,
6.19,0.5823392274503572,-0.005607660772549644,
6.2,0.5823946944248741,-0.005617605305575126,
6.21,0.582450081330402,-0.005627549918669598,
6.22,0.5825053884477516,-0.005637494611552248,
6.23,0.5825606160562617,-0.0056474393839437385,
6.24,0.5826157644338092,-0.005657384235566191,
6.25,0.5826708338568186,-0.005667329166143181,
6.26,0.5827258246002728,-0.005677274175399727,
6.27,0.5827807369377221,-0.005687219263062277,
6.28,0.5828355711412959,-0.005697164428858704,
6.29,0.5828903274817105,-0.0057071096725182895,
6.3,0.5829450062282805,-0.0057170549937717195,
6.31,0.5829996076489272,-0.005727000392351073,
6.32,0.5830541320101889,-0.005736945867989811,
6.33,0.5831085795772303,-0.00574689142042277,
6.34,0.5831629506138519,-0.005756837049386148,
6.35,0.5832172453824988,-0.005766782754617501,
6.36,0.5832714641442708,-0.00577672853585573,
6.37,0.5833256071589313,-0.005786674392841069,
6.38,0.5833796746849161,-0.005796620325315084,
6.39,0.5834336669793424,-0.005806566333020657,
6.4,0.5834875842980182,-0.005816512415701983,
6.41,0.583541426895451,-0.0058264585731045496,
6.42,0.5835951950248561,-0.005836404804975144,
6.43,0.5836488889381658,-0.005846351111061834,
6.44,0.5837025088860387,-0.005856297491113962,
6.45,0.5837560551178664,-0.005866243944882134,
6.46,0.5838095278817843,-0.005876190472118216,
6.47,0.5838629274246774,-0.005886137072575322,
6.48,0.5839162539921918,-0.005896083746007808,
6.49,0.58396950782874,-0.00590603049217126,
6.5,0.5840226891775111,-0.005915977310822489,
6.51,0.5840757982804781,-0.005925924201719522,
6.52,0.5841288353784061,-0.005935871164621594,
6.53,0.5841818007108606,-0.00594581819928914,
6.54,0.5842346945162149,-0.005955765305483785,
6.55,0.5842875170316584,-0.005965712482968341,
6.56,0.5843402684932046,-0.005975659731506795,
6.57,0.5843929491356988,-0.005985607050864302,
6.58,0.5844455591928245,-0.005995554440807176,
6.59,0.5844980988971135,-0.006005501901102887,
6.6,0.5845505684799508,-0.006015449431520049,
6.61,0.5846029681715842,-0.006025397031828416,
6.62,0.5846552982011309,-0.00603534470179887,
6.63,0.5847075587965844,-0.006045292441203416,
6.64,0.5847597501848231,-0.006055240249815177,
6.65,0.5848118725916159,-0.006065188127408384,
6.66,0.5848639262416309,-0.006075136073758369,
6.67,0.5849159113584417,-0.006085084088641559,
6.68,0.5849678281645347,-0.006095032171835465,
6.69,0.5850196768813165,-0.006104980323118684,
6.7,0.58507145772912,-0.0061149285422708805,
6.71,0.5851231709272124,-0.0061248768290727874,
6.72,0.585174816693801,-0.006134825183306199,
6.73,0.5852263952460408,-0.00614477360475396,
6.74,0.5852779068000409,-0.0061547220931999595,
6.75,0.5853293515708712,-0.006164670648429129,
6.76,0.5853807297725695,-0.006174619270227431,
6.77,0.5854320416181468,-0.006184567958381853,
6.78,0.5854832873195956,-0.006194516712680405,
6.79,0.5855344670878956,-0.006204465532912104,
6.8,0.5855855811330193,-0.006214414418866981,
6.81,0.5856366296639395,-0.0062243633703360605,
6.82,0.5856876128886355,-0.006234312387111365,
6.83,0.5857385310140988,-0.006244261468985901,
6.84,0.5857893842463402,-0.0062542106157536595,
6.85,0.5858401727903949,-0.006264159827209605,
6.86,0.5858908968503297,-0.006274109103149671,
6.87,0.5859415566292483,-0.006284058443370752,
6.88,0.5859921523292976,-0.006294007847670703,
6.89,0.5860426841516742,-0.006303957315848326,
6.9,0.5860931522966294,-0.006313906847703371,
6.91,0.5861435569634756,-0.006323856443036525,
6.92,0.5861938983505927,-0.006333806101649408,
6.93,0.5862441766554328,-0.006343755823344567,
6.94,0.5862943920745267,-0.006353705607925474,
6.95,0.5863445448034894,-0.006363655455196511,
6.96,0.5863946350370262,-0.006373605364962974,
6.97,0.5864446629689368,-0.006383555337031063,
6.98,0.5864946287921236,-0.006393505371207877,
6.99,0.5865445326985946,-0.006403455467301406,
7,0.5865943748794701,-0.0064134056251205305,
7.01,0.5866441555249883,-0.006423355844475012,
7.02,0.5866938748245106,-0.006433306125175489,
7.03,0.5867435329665265,-0.006443256467033474,
7.04,0.5867931301386592,-0.006453206869861341,
7.05,0.5868426665276713,-0.0064631573334723285,
7.06,0.5868921423194693,-0.00647310785768053,
7.07,0.5869415576991097,-0.006483058442300891,
7.08,0.5869909128508034,-0.006493009087149197,
7.09,0.5870402079579213,-0.006502959792042079,
7.1,0.5870894432029988,-0.006512910556797001,
7.11,0.5871386187677423,-0.006522861381232258,
7.12,0.5871877348330319,-0.006532812265166968,
7.13,0.5872367915789286,-0.006542763208421071,
7.14,0.587285789184678,-0.006552714210815322,
7.15,0.5873347278287159,-0.006562665272171284,
7.16,0.5873836076886723,-0.006572616392311328,
7.17,0.5874324289413769,-0.006582567571058623,
7.18,0.5874811917628641,-0.0065925188082371355,
7.19,0.587529896328377,-0.006602470103671623,
7.2,0.5875785428123729,-0.0066124214571876274,
7.21,0.5876271313885268,-0.006622372868611473,
7.22,0.5876756622297384,-0.006632324337770262,
7.23,0.5877241355081334,-0.006642275864491867,
7.24,0.5877725513950715,-0.0066522274486049285,
7.25,0.587820910061148,-0.006662179089938852,
7.26,0.5878692116762007,-0.0066721307883237995,
7.27,0.5879174564093129,-0.006682082543590687,
7.28,0.5879656444288183,-0.006692034355571182,
7.29,0.5880137759023053,-0.006701986224097695,
7.3,0.5880618509966219,-0.006711938149003378,
7.31,0.5881098698778793,-0.006721890130122121,
7.32,0.5881578327114566,-0.006731842167288544,
7.33,0.5882057396620055,-0.006741794260337995,
7.34,0.5882535908934536,-0.006751746409106547,
7.35,0.5883013865690095,-0.00676169861343099,
7.36,0.5883491268511667,-0.006771650873148834,
7.37,0.5883968119017072,-0.006781603188098293,
7.38,0.5884444418817071,-0.006791555558118293,
7.39,0.5884920169515387,-0.006801507983048461,
7.4,0.5885395372708767,-0.006811460462729123,
7.41,0.5885870029987007,-0.0068214129970013,
7.42,0.5886344142932994,-0.006831365585706701,
7.43,0.5886817713122756,-0.006841318228687724,
7.44,0.588729074212549,-0.0068512709257874515,
7.45,0.5887763231503609,-0.006861223676849639,
7.46,0.5888235182812774,-0.006871176481718723,
7.47,0.5888706597601943,-0.006881129340239806,
7.48,0.5889177477413398,-0.006891082252258661,
7.49,0.5889647823782792,-0.006901035217621721,
7.5,0.589011763823918,-0.006910988236176082,
7.51,0.5890586922305064,-0.006920941307769494,
7.52,0.5891055677496425,-0.006930894432250357,
7.53,0.5891523905322762,-0.0069408476094677245,
7.54,0.5891991607287128,-0.006950800839271287,
7.55,0.589245878488617,-0.006960754121511383,
7.56,0.5892925439610155,-0.006970707456038984,
7.57,0.5893391572943023,-0.006980660842705698,
7.58,0.5893857186362409,-0.00699061428136376,
7.59,0.5894322281339682,-0.007000567771866032,
7.6,0.5894786859339985,-0.007010521314066001,
7.61,0.5895250921822265,-0.007020474907817774,
7.62,0.5895714470239305,-0.0070304285529760695,
7.63,0.5896177506037767,-0.007040382249396223,
7.64,0.5896640030658229,-0.007050335996934177,
7.65,0.5897102045535196,-0.007060289795446481,
7.66,0.5897563552097169,-0.007070243644790283,
7.67,0.5898024551766642,-0.007080197544823336,
7.68,0.5898485045960168,-0.007090151495403983,
7.69,0.589894503608837,-0.007100105496391163,
7.7,0.5899404523555982,-0.007110059547644402,
7.71,0.5899863509761882,-0.007120013649023812,
7.72,0.5900321996099125,-0.007129967800390088,
7.73,0.590077998395497,-0.007139922001604504,
7.74,0.5901237474710922,-0.007149876252528908,
7.75,0.5901694469742753,-0.007159830553025725,
7.76,0.5902150970420537,-0.0071697849029579465,
7.77,0.5902606978108688,-0.007179739302189131,
7.78,0.5903062494165984,-0.007189693750583402,
7.79,0.5903517519945596,-0.00719964824800544,
7.8,0.5903972056795127,-0.007209602794320487,
7.81,0.5904426106056637,-0.007219557389394336,
7.82,0.5904879669066675,-0.007229512033093333,
7.83,0.5905332747156306,-0.00723946672528437,
7.84,0.5905785341651144,-0.007249421465834885,
7.85,0.5906237453871384,-0.007259376254612862,
7.86,0.5906689085131827,-0.007269331091486818,
7.87,0.590714023674191,-0.007279285976325809,
7.88,0.5907590910005736,-0.007289240908999427,
7.89,0.5908041106222106,-0.007299195889377789,
7.9,0.5908490826684539,-0.007309150917331546,
7.91,0.5908940072681313,-0.007319105992731869,
7.92,0.590938884549548,-0.007329061115450452,
7.93,0.5909837146404907,-0.007339016285359509,
7.94,0.5910284976682292,-0.007348971502331772,
7.95,0.5910732337595199,-0.007358926766240481,
7.96,0.5911179230406086,-0.007368882076959391,
7.97,0.5911625656372328,-0.007378837434362767,
7.98,0.5912071616746247,-0.007388792838325376,
7.99,0.5912517112775141,-0.007398748288722486,
8,0.59129621457013,-0.0074087037854298704,
8.01,0.5913406716762055,-0.0074186593283237946,
8.02,0.5913850827189777,-0.007428614917281022,
8.03,0.5914294478211926,-0.007438570552178807,
8.04,0.5914737671051061,-0.007448526232894893,
8.05,0.5915180406924879,-0.007458481959307513,
8.06,0.5915622687046229,-0.007468437731295378,
8.07,0.5916064512623148,-0.007478393548737685,
8.08,0.5916505884858883,-0.007488349411514112,
8.09,0.5916946804951906,-0.007498305319504809,
8.1,0.5917387274095958,-0.007508261272590404,
8.11,0.5917827293480059,-0.007518217270651994,
8.12,0.5918266864288542,-0.007528173313571146,
8.13,0.5918705987701066,-0.007538129401229894,
8.14,0.5919144664892655,-0.007548085533510735,
8.15,0.5919582897033713,-0.007558041710296629,
8.16,0.592002068529005,-0.007567997931470995,
8.17,0.5920458030822907,-0.007577954196917709,
8.18,0.5920894934788978,-0.007587910506521102,
8.19,0.5921331398340439,-0.007597866860165956,
8.2,0.5921767422624961,-0.007607823257737504,
8.21,0.5922203008785746,-0.007617779699121426,
8.22,0.5922638157961537,-0.007627736184203847,
8.23,0.5923072871286655,-0.007637692712871335,
8.24,0.5923507149891013,-0.007647649285010899,
8.25,0.5923940994900139,-0.0076576059005099865,
8.26,0.5924374407435201,-0.00766756255925648,
8.27,0.5924807388613034,-0.0076775192611386964,
8.28,0.5925239939546142,-0.007687476006045385,
8.29,0.5925672061342756,-0.007697432793865724,
8.3,0.5926103755106821,-0.007707389624489319,
8.31,0.5926535021938039,-0.007717346497806196,
8.32,0.5926965862931879,-0.007727303413706812,
8.33,0.5927396279179609,-0.00773726037208204,
8.34,0.5927826271768306,-0.00774721737282317,
8.35,0.5928255841780894,-0.00775717441582191,
8.36,0.5928684990296142,-0.007767131500970385,
8.37,0.5929113718388709,-0.007777088628161129,
8.38,0.5929542027129143,-0.007787045797287086,
8.39,0.5929969917583925,-0.007797003008241608,
8.4,0.5930397390815467,-0.0078069602609184535,
8.41,0.5930824447882149,-0.007816917555211786,
8.42,0.5931251089838329,-0.007826874891016166,
8.43,0.593167731773437,-0.007836832268226563,
8.44,0.593210313261666,-0.007846789686738334,
8.45,0.5932528535527622,-0.007856747146447237,
8.46,0.5932953527505753,-0.007866704647249426,
8.47,0.5933378109585624,-0.007876662189041438,
8.48,0.5933802282797911,-0.00788661977172021,
8.49,0.5934226048169408,-0.00789657739518306,
8.5,0.5934649406723057,-0.007906535059327695,
8.51,0.5935072359477956,-0.007916492764052204,
8.52,0.5935494907449386,-0.007926450509255062,
8.53,0.5935917051648819,-0.007936408294835117,
8.54,0.5936338793083952,-0.007946366120691604,
8.55,0.5936760132758717,-0.007956323986724129,
8.56,0.59371810716733,-0.007966281892832671,
8.57,0.5937601610824159,-0.007976239838917584,
8.58,0.5938021751204048,-0.007986197824879596,
8.59,0.5938441493802029,-0.007996155850619796,
8.6,0.5938860839603493,-0.00800611391603965,
8.61,0.5939279789590178,-0.008016072021040982,
8.62,0.5939698344740187,-0.00802603016552598,
8.63,0.5940116506028009,-0.0080359883493972,
8.64,0.5940534274424526,-0.008045946572557548,
8.65,0.5940951650897047,-0.008055904834910296,
8.66,0.5941368636409309,-0.00806586313635907,
8.67,0.594178523192151,-0.008075821476807849,
8.68,0.5942201438390313,-0.008085779856160968,
8.69,0.5942617256768872,-0.008095738274323113,
8.7,0.5943032688006844,-0.008105696731199315,
8.71,0.594344773305041,-0.00811565522669496,
8.72,0.594386239284229,-0.008125613760715772,
8.73,0.5944276668321755,-0.008135572333167826,
8.74,0.5944690560424661,-0.008145530943957533,
8.75,0.5945104070083442,-0.008155489592991656,
8.76,0.594551719822714,-0.008165448280177286,
8.77,0.5945929945781423,-0.008175407005421858,
8.78,0.5946342313668597,-0.00818536576863314,
8.79,0.5946754302807618,-0.008195324569719237,
8.8,0.594716591411412,-0.008205283408588589,
8.81,0.5947577148500418,-0.008215242285149959,
8.82,0.5947988006875534,-0.008225201199312446,
8.83,0.594839849014521,-0.00823516015098548,
8.84,0.5948808599211917,-0.008245119140078808,
8.85,0.5949218334974884,-0.008255078166502512,
8.86,0.5949627698330098,-0.008265037230166989,
8.87,0.5950036690170333,-0.008274996330982966,
8.88,0.5950445311385159,-0.008284955468861484,
8.89,0.5950853562860956,-0.008294914643713906,
8.9,0.5951261445480934,-0.008304873855451906,
8.91,0.5951668960125142,-0.008314833103987486,
8.92,0.595207610767049,-0.00832479238923295,
8.93,0.5952482888990757,-0.008334751711100924,
8.94,0.5952889304956611,-0.00834471106950434,
8.95,0.5953295356435625,-0.008354670464356437,
8.96,0.5953701044292283,-0.008364629895570772,
8.97,0.5954106369388003,-0.008374589363061201,
8.98,0.5954511332581148,-0.008384548866741885,
8.99,0.5954915934727043,-0.008394508406527296,
9,0.5955320176677984,-0.008404467982332202,
9.01,0.5955724059283259,-0.008414427594071674,
9.02,0.5956127583389159,-0.008424387241661084,
9.03,0.5956530749838989,-0.0084343469250161,
9.04,0.5956933559473085,-0.00844430664405269,
9.05,0.5957336013128831,-0.008454266398687118,
9.06,0.5957738111640669,-0.008464226188835933,
9.07,0.595813985584011,-0.008474186014415989,
9.08,0.5958541246555755,-0.008484145875344424,
9.09,0.5958942284613303,-0.00849410577153867,
9.1,0.5959342970835564,-0.008504065702916444,
9.11,0.595974330604248,-0.008514025669395752,
9.12,0.5960143291051128,-0.008523985670894886,
9.13,0.596054292667574,-0.008533945707332426,
9.14,0.5960942213727717,-0.00854390577862723,
9.15,0.5961341153015632,-0.008553865884698437,
9.16,0.5961739745345264,-0.008563826025465474,
9.17,0.5962137991519578,-0.008573786200848043,
9.18,0.5962535892338777,-0.008583746410766122,
9.19,0.5962933448600285,-0.008593706655139971,
9.2,0.5963330661098774,-0.008603666933890123,
9.21,0.5963727530626166,-0.008613627246937384,
9.22,0.596412405797166,-0.008623587594202835,
9.23,0.5964520243921734,-0.008633547975607827,
9.24,0.5964916089260162,-0.008643508391073985,
9.25,0.5965311594768018,-0.008653468840523199,
9.26,0.5965706761223704,-0.00866342932387763,
9.27,0.5966101589402948,-0.008673389841059705,
9.28,0.5966496080078822,-0.008683350391992117,
9.29,0.5966890234021759,-0.008693310976597823,
9.3,0.5967284051999547,-0.008703271594800046,
9.31,0.5967677534777368,-0.008713232246522264,
9.32,0.5968070683117785,-0.008723192931688223,
9.33,0.5968463497780772,-0.008733153650221924,
9.34,0.5968855979523708,-0.00874311440204763,
9.35,0.5969248129101411,-0.008753075187089858,
9.36,0.5969639947266128,-0.008763036005273386,
9.37,0.597003143476756,-0.008772996856523243,
9.38,0.5970422592352872,-0.008782957740764714,
9.39,0.5970813420766693,-0.00879291865792333,
9.4,0.5971203920751146,-0.008802879607924885,
9.41,0.5971594093045844,-0.008812840590695415,
9.42,0.5971983938387911,-0.00882280160616121,
9.43,0.5972373457511984,-0.008832762654248802,
9.44,0.5972762651150231,-0.008842723734884976,
9.45,0.5973151520032363,-0.008852684847996763,
9.46,0.5973540064885638,-0.008862645993511437,
9.47,0.5973928286434881,-0.008872607171356513,
9.48,0.5974316185402485,-0.008882568381459751,
9.49,0.597470376250843,-0.008892529623749158,
9.5,0.5975091018470289,-0.008902490898152971,
9.51,0.5975477954003241,-0.008912452204599675,
9.52,0.5975864569820082,-0.008922413543017992,
9.53,0.5976250866631232,-0.008932374913336876,
9.54,0.5976636845144752,-0.008942336315485524,
9.55,0.5977022506066343,-0.008952297749393366,
9.56,0.5977407850099373,-0.008962259214990064,
9.57,0.5977792877944872,-0.008972220712205513,
9.58,0.5978177590301552,-0.008982182240969845,
9.59,0.5978561987865811,-0.00899214380121342,
9.6,0.5978946071331749,-0.009002105392866826,
9.61,0.597932984139117,-0.009012067015860882,
9.62,0.5979713298733604,-0.00902202867012664,
9.63,0.5980096444046303,-0.009031990355595371,
9.64,0.5980479278014266,-0.009041952072198574,
9.65,0.5980861801320231,-0.009051913819867977,
9.66,0.5981244014644705,-0.009061875598535529,
9.67,0.5981625918665956,-0.009071837408133405,
9.68,0.5982007514060035,-0.009081799248593996,
9.69,0.5982388801500779,-0.009091761119849922,
9.7,0.5982769781659821,-0.009101723021834018,
9.71,0.5983150455206606,-0.009111684954479341,
9.72,0.598353082280839,-0.009121646917719162,
9.73,0.5983910885130262,-0.009131608911486974,
9.74,0.5984290642835141,-0.009141570935716487,
9.75,0.5984670096583792,-0.009151532990341622,
9.76,0.5985049247034837,-0.009161495075296516,
9.77,0.598542809484476,-0.009171457190515524,
9.78,0.5985806640667914,-0.009181419335933208,
9.79,0.5986184885156541,-0.009191381511484345,
9.8,0.5986562828960773,-0.009201343717103924,
9.81,0.5986940472728637,-0.009211305952727136,
9.82,0.5987317817106074,-0.009221268218289393,
9.83,0.5987694862736941,-0.009231230513726306,
9.84,0.5988071610263023,-0.009241192838973698,
9.85,0.5988448060324041,-0.009251155193967596,
9.86,0.5988824213557661,-0.009261117578644234,
9.87,0.5989200070599504,-0.00927107999294005,
9.88,0.598957563208315,-0.009281042436791686,
9.89,0.5989950898640152,-0.009291004910135986,
9.9,0.5990325870900043,-0.009300967412909996,
9.91,0.5990700549490346,-0.009310929945050965,
9.92,0.5991074935036579,-0.009320892506496342,
9.93,0.5991449028162262,-0.009330855097183774,
9.94,0.5991822829488936,-0.009340817717051106,
9.95,0.5992196339636159,-0.009350780366036383,
9.96,0.5992569559221522,-0.009360743044077849,
9.97,0.5992942488860656,-0.009370705751113935,
9.98,0.5993315129167235,-0.009380668487083276,
9.99,0.5993687480752992,-0.009390631251924702,
10,0.5994059544227723,-0.009400594045577228,