P1.K,I(i_C.nA),V(Q1.nC),
0.05,0.0016377335883439635,12.534488238417353,
0.051,0.0016374279771653327,12.518336301917966,
0.052,0.0016371224382251595,12.502188113356507,
0.053,0.0016368169701876506,12.486043672108181,
0.054,0.0016365115730153019,12.469902976189228,
0.055,0.001636206246670597,12.453766023616879,
0.056,0.001635900991116039,12.437632812409333,
0.057,0.0016355958063141486,12.42150334058575,
0.058,0.0016352906922274641,12.405377606166255,
0.059,0.001634985648818543,12.389255607171933,
0.06,0.0016346806760499603,12.373137341624833,
0.061,0.00163437577388431,12.357022807547962,
0.062,0.001634070942284203,12.340912002965288,
0.063,0.0016337661812122694,12.324804925901738,
0.064,0.0016334614906311571,12.308701574383198,
0.065,0.0016331568705035323,12.292601946436507,
0.066,0.0016328523207920784,12.276506040089467,
0.067,0.0016325478414594985,12.26041385337083,
0.068,0.001632243432468512,12.244325384310304,
0.069,0.0016319390937818577,12.228240630938554,
0.07,0.0016316348253622918,12.212159591287195,
0.071,0.0016313306271725884,12.196082263388798,
0.072,0.0016310264991755404,12.18000864527688,
0.073,0.0016307224413339577,12.163938734985914,
0.074,0.0016304184536106686,12.14787253055132,
0.075,0.0016301145359685196,12.131810030009468,
0.076,0.0016298106883703748,12.11575123139768,
0.077,0.0016295069107791162,12.099696132754216,
0.078,0.0016292032031576442,12.083644732118293,
0.079,0.0016288995654688764,12.06759702753007,
0.08,0.0016285959976757491,12.05155301703065,
0.081,0.0016282924997412158,12.035512698662084,
0.082,0.0016279890716282476,12.019476070467359,
0.083,0.0016276857132998346,12.003443130490414,
0.084,0.0016273824247189834,11.987413876776126,
0.085,0.0016270792058487198,11.97138830737031,
0.086,0.0016267760566520862,11.955366420319729,
0.087,0.001626472977092143,11.939348213672078,
0.088,0.001626169967131969,11.923333685475992,
0.089,0.0016258670267346596,11.907322833781048,
0.09,0.00162556415586333,11.89131565663776,
0.091,0.0016252613544811103,11.875312152097575,
0.092,0.0016249586225511505,11.859312318212874,
0.093,0.0016246559600366175,11.84331615303698,
0.094,0.001624353366900696,11.827323654624145,
0.095,0.001624050843106588,11.811334821029552,
0.096,0.0016237483886175138,11.795349650309324,
0.097,0.0016234460033967106,11.77936814052051,
0.098,0.0016231436874074338,11.76339028972109,
0.099,0.0016228414406129564,11.747416095969974,
0.1,0.0016225392629765681,11.731445557327007,
0.101,0.0016222371544615773,11.715478671852955,
0.102,0.0016219351150313095,11.699515437609515,
0.103,0.0016216331446491073,11.68355585265931,
0.104,0.0016213312432783317,11.66759991506589,
0.105,0.0016210294108823606,11.651647622893732,
0.106,0.0016207276474245894,11.635698974208232,
0.107,0.0016204259528684315,11.619753967075717,
0.108,0.0016201243271773168,11.603812599563433,
0.109,0.0016198227703146937,11.587874869739546,
0.11,0.0016195212822440273,11.571940775673148,
0.111,0.0016192198629288005,11.556010315434252,
0.112,0.0016189185123325134,11.540083487093785,
0.113,0.001618617230418684,11.524160288723596,
0.114,0.0016183160171508468,11.508240718396458,
0.115,0.0016180148724925542,11.492324774186052,
0.116,0.0016177137964073756,11.476412454166985,
0.117,0.0016174127888588987,11.460503756414768,
0.118,0.001617111849810727,11.44459867900584,
0.119,0.0016168109792264829,11.428697220017547,
0.12,0.0016165101770698048,11.412799377528149,
0.121,0.001616209443304349,11.396905149616824,
0.122,0.0016159087778937885,11.381014534363656,
0.123,0.0016156081808018146,11.365127529849643,
0.124,0.0016153076519921353,11.349244134156693,
0.125,0.001615007191428475,11.333364345367624,
0.126,0.0016147067990745763,11.317488161566164,
0.127,0.001614406474894199,11.301615580836947,
0.128,0.0016141062188511194,11.285746601265515,
0.129,0.0016138060309091316,11.269881220938318,
0.13,0.0016135059110320461,11.254019437942711,
0.131,0.0016132058591836916,11.238161250366955,
0.132,0.0016129058753279128,11.222306656300214,
0.133,0.0016126059594285722,11.206455653832554,
0.134,0.0016123061114495492,11.19060824105495,
0.135,0.00161200633135474,11.174764416059272,
0.136,0.0016117066191080585,11.158924176938294,
0.137,0.0016114069746734347,11.143087521785692,
0.138,0.0016111073980148167,11.127254448696041,
0.139,0.0016108078890961688,11.111424955764814,
0.14,0.0016105084478814724,11.09559904108838,
0.141,0.0016102090743347263,11.079776702764013,
0.142,0.001609909768419946,11.063957938889875,
0.143,0.0016096105301011637,11.048142747565029,
0.144,0.001609311359342429,11.03233112688943,
0.145,0.0016090122561078083,11.016523074963931,
0.146,0.0016087132203613846,11.000718589890278,
0.147,0.0016084142520672582,10.984917669771106,
0.148,0.001608115351189546,10.969120312709943,
0.149,0.0016078165176923818,10.953326516811215,
0.15,0.0016075177515399164,10.93753628018023,
0.151,0.0016072190526963172,10.921749600923192,
0.152,0.001606920421125769,10.90596647714719,
0.153,0.0016066218567924724,10.890186906960201,
0.154,0.0016063233596606457,10.874410888471095,
0.155,0.0016060249296945234,10.85863841978962,
0.156,0.0016057265668583574,10.84286949902642,
0.157,0.0016054282711164157,10.827104124293019,
0.158,0.0016051300424329833,10.811342293701822,
0.159,0.001604831880772362,10.795584005366125,
0.16,0.0016045337860988705,10.7798292574001,
0.161,0.0016042357583768432,10.76407804791881,
0.162,0.0016039377975706325,10.748330375038188,
0.163,0.0016036399036446066,10.73258623687506,
0.164,0.0016033420765631508,10.716845631547123,
0.165,0.0016030443162906665,10.701108557172956,
0.166,0.0016027466227915726,10.685375011872017,
0.167,0.0016024489960303036,10.669644993764642,
0.168,0.0016021514359713111,10.653918500972043,
0.169,0.0016018539425790635,10.63819553161631,
0.17,0.0016015565158180453,10.622476083820404,
0.171,0.001601259155652758,10.606760155708166,
0.172,0.0016009618620477192,10.591047745404309,
0.173,0.0016006646349674633,10.575338851034417,
0.174,0.0016003674743765412,10.559633470724952,
0.175,0.00160007038023952,10.543931602603239,
0.176,0.0015997733525209836,10.528233244797484,
0.177,0.0015994763911855324,10.512538395436755,
0.178,0.001599179496197783,10.496847052650995,
0.179,0.0015988826675223686,10.481159214571015,
0.18,0.0015985859051239387,10.46547487932849,
0.181,0.0015982892089671592,10.449794045055965,
0.182,0.001597992579016713,10.434116709886853,
0.183,0.0015976960152372982,10.41844287195543,
0.184,0.0015973995175936305,10.40277252939684,
0.185,0.001597103086050441,10.387105680347087,
0.186,0.0015968067205724774,10.371442322943043,
0.187,0.0015965104211245046,10.35578245532244,
0.188,0.0015962141876713022,10.340126075623875,
0.189,0.0015959180201776675,10.324473181986802,
0.19,0.0015956219186084135,10.308823772551538,
0.191,0.0015953258829283692,10.293177845459262,
0.192,0.0015950299131023804,10.27753539885201,
0.193,0.001594734009095309,10.261896430872671,
0.194,0.0015944381708720328,10.246260939665003,
0.195,0.001594142398397446,10.230628923373612,
0.196,0.0015938466916364594,10.215000380143962,
0.197,0.0015935510505539995,10.199375308122377,
0.198,0.001593255475115009,10.18375370545603,
0.199,0.001592959965284447,10.168135570292954,
0.2,0.0015926645210272885,10.152520900782022,
0.201,0.0015923691423085247,10.136909695072976,
0.202,0.001592073829093163,10.121301951316402,
0.203,0.001591778581346227,10.105697667663739,
0.204,0.0015914833990327564,10.090096842267268,
0.205,0.0015911882821178062,10.074499473280135,
0.206,0.0015908932305664484,10.05890555885632,
0.207,0.001590598244343771,10.043315097150662,
0.208,0.0015903033234148777,10.027728086318842,
0.209,0.0015900084677448877,10.012144524517385,
0.21,0.0015897136772989374,9.996564409903671,
0.211,0.0015894189520421786,9.980987740635916,
0.212,0.0015891242919397783,9.965414514873183,
0.213,0.0015888296969569214,9.949844730775382,
0.214,0.0015885351670588065,9.934278386503264,
0.215,0.0015882407022106497,9.918715480218424,
0.216,0.001587946302377683,9.903156010083293,
0.217,0.001587651967525153,9.887599974261148,
0.218,0.0015873576976183233,9.872047370916105,
0.219,0.0015870634926224733,9.856498198213119,
0.22,0.0015867693525028978,9.840952454317984,
0.221,0.0015864752772249081,9.825410137397332,
0.222,0.001586181266753831,9.809871245618632,
0.223,0.0015858873210550088,9.794335777150188,
0.224,0.0015855934400937999,9.778803730161142,
0.225,0.0015852996238355788,9.76327510282147,
0.226,0.0015850058722457357,9.747749893301982,
0.227,0.0015847121852896756,9.732228099774327,
0.228,0.0015844185629328208,9.716709720410979,
0.229,0.0015841250051406085,9.701194753385245,
0.23,0.0015838315118784912,9.685683196871267,
0.231,0.0015835380831119381,9.670175049044017,
0.232,0.0015832447188064338,9.654670308079302,
0.233,0.001582951418927478,9.639168972153742,
0.234,0.0015826581834405867,9.623671039444806,
0.235,0.0015823650123112914,9.608176508130775,
0.236,0.0015820719055051392,9.592685376390769,
0.237,0.001581778862987693,9.577197642404725,
0.238,0.001581485884724531,9.561713304353413,
0.239,0.0015811929706812473,9.546232360418422,
0.24,0.0015809001208234516,9.53075480878217,
0.241,0.0015806073351167687,9.515280647627895,
0.242,0.0015803146135268398,9.49980987513966,
0.243,0.001580021956019321,9.48434248950235,
0.244,0.0015797293625598842,9.468878488901673,
0.245,0.0015794368331142168,9.453417871524154,
0.246,0.0015791443676480216,9.43796063555714,
0.247,0.0015788519661270172,9.422506779188797,
0.248,0.0015785596285169375,9.407056300608112,
0.249,0.0015782673547835313,9.391609198004886,
0.25,0.001577975144892564,9.37616546956974,
0.251,0.0015776829988098158,9.360725113494112,
0.252,0.0015773909165010826,9.345288127970251,
0.253,0.0015770988979321749,9.329854511191227,
0.254,0.0015768069430689197,9.314424261350922,
0.255,0.001576515051877159,9.298997376644031,
0.256,0.0015762232243227497,9.283573855266061,
0.257,0.0015759314603715651,9.268153695413336,
0.258,0.0015756397599894928,9.252736895282986,
0.259,0.0015753481231424362,9.237323453072955,
0.26,0.0015750565497963142,9.221913366981996,
0.261,0.0015747650399170606,9.20650663520967,
0.262,0.0015744735934706251,9.191103255956353,
0.263,0.0015741822104229722,9.175703227423222,
0.264,0.0015738908907400816,9.160306547812263,
0.265,0.0015735996343879484,9.144913215326271,
0.266,0.0015733084413325834,9.129523228168845,
0.267,0.0015730173115400122,9.11413658454439,
0.268,0.0015727262449762751,9.098753282658116,
0.269,0.0015724352416074288,9.083373320716035,
0.27,0.0015721443013995444,9.067996696924965,
0.271,0.0015718534243187082,9.052623409492522,
0.272,0.001571562610331022,9.037253456627129,
0.273,0.0015712718594026026,9.021886836538007,
0.274,0.0015709811714995816,9.006523547435176,
0.275,0.0015706905465881066,8.991163587529462,
0.276,0.0015703999846343394,8.975806955032482,
0.277,0.0015701094856044573,8.960453648156655,
0.278,0.001569819049464653,8.9451036651152,
0.279,0.0015695286761811334,8.929757004122127,
0.28,0.0015692383657201214,8.914413663392247,
0.281,0.0015689481180478544,8.899073641141166,
0.282,0.0015686579331305854,8.883736935585283,
0.283,0.0015683678109345814,8.868403544941792,
0.284,0.0015680777514261255,8.853073467428677,
0.285,0.0015677877545715153,8.837746701264726,
0.286,0.0015674978203370632,8.822423244669503,
0.287,0.0015672079486890968,8.807103095863376,
0.288,0.0015669181395939588,8.791786253067496,
0.289,0.001566628393018007,8.776472714503813,
0.29,0.0015663387089276132,8.76116247839505,
0.291,0.0015660490872891652,8.74585554296474,
0.292,0.0015657595280690652,8.730551906437187,
0.293,0.0015654700312337302,8.71525156703749,
0.294,0.0015651805967495924,8.699954522991531,
0.295,0.0015648912245830988,8.684660772525978,
0.296,0.001564601914700711,8.66937031386829,
0.297,0.0015643126670689057,8.654083145246705,
0.298,0.0015640234816541743,8.638799264890242,
0.299,0.0015637343584230232,8.623518671028712,
0.3,0.001563445297341973,8.6082413618927,
0.301,0.0015631562983775603,8.592967335713578,
0.302,0.0015628673614963352,8.577696590723495,
0.303,0.0015625784866648632,8.562429125155386,
0.304,0.0015622896738497242,8.547164937242957,
0.305,0.0015620009230175138,8.531904025220703,
0.306,0.001561712234134841,8.51664638732389,
0.307,0.0015614236071683303,8.501392021788567,
0.308,0.001561135042084621,8.486140926851554,
0.309,0.0015608465388503663,8.47089310075045,
0.31,0.0015605580974322349,8.455648541723633,
0.311,0.0015602697177969098,8.440407248010251,
0.312,0.001559981399911089,8.425169217850229,
0.313,0.0015596931437414842,8.409934449484265,
0.314,0.001559404949254823,8.394702941153827,
0.315,0.0015591168164178469,8.37947469110116,
0.316,0.0015588287451973116,8.36424969756928,
0.317,0.0015585407355599885,8.349027958801969,
0.318,0.0015582527874726622,8.333809473043786,
0.319,0.0015579649009021333,8.31859423854005,
0.32,0.0015576770758152158,8.303382253536862,
0.321,0.0015573893121787388,8.288173516281079,
0.322,0.001557101609959546,8.272968025020331,
0.323,0.001556813969124495,8.257765778003016,
0.324,0.0015565263896404585,8.242566773478293,
0.325,0.0015562388714743236,8.227371009696094,
0.326,0.0015559514145929917,8.212178484907108,
0.327,0.0015556640189633786,8.196989197362797,
0.328,0.0015553766845524148,8.181803145315373,
0.329,0.0015550894113270449,8.166620327017824,
0.33,0.0015548021992542282,8.151440740723896,
0.331,0.0015545150483009386,8.136264384688092,
0.332,0.0015542279584341637,8.12109125716568,
0.333,0.0015539409296209058,8.105921356412692,
0.334,0.0015536539618281823,8.090754680685906,
0.335,0.0015533670550230238,8.075591228242876,
0.336,0.0015530802091724759,8.0604309973419,
0.337,0.0015527934242435984,8.045273986242043,
0.338,0.0015525067002034652,8.030120193203118,
0.339,0.0015522200370191653,8.014969616485704,
0.34,0.0015519334346578008,7.999822254351125,
0.341,0.001551646893086489,7.984678105061471,
0.342,0.001551360412272361,7.969537166879574,
0.343,0.0015510739921825625,7.9543994380690295,
0.344,0.0015507876327842533,7.939264916894182,
0.345,0.0015505013340446068,7.924133601620124,
0.346,0.001550215095930812,7.909005490512707,
0.347,0.001549928918410071,7.893880581838529,
0.348,0.0015496428014496002,7.878758873864939,
0.349,0.0015493567450166308,7.863640364860032,
0.35,0.0015490707490784072,7.8485250530926605,
0.351,0.001548784813602189,7.833412936832414,
0.352,0.0015484989385552493,7.81830401434964,
0.353,0.0015482131239048754,7.803198283915423,
0.354,0.0015479273696183686,7.788095743801601,
0.355,0.0015476416756630453,7.772996392280756,
0.356,0.0015473560420062344,7.757900227626213,
0.357,0.00154707046861528,7.742807248112042,
0.358,0.0015467849554575397,7.727717452013056,
0.359,0.0015464995025003857,7.712630837604809,
0.36,0.0015462141097112036,7.697547403163605,
0.361,0.0015459287770573941,7.682467146966479,
0.362,0.0015456435045063705,7.667390067291215,
0.363,0.0015453582920255608,7.652316162416334,
0.364,0.0015450731395824074,7.637245430621096,
0.365,0.0015447880471443662,7.6221778701854985,
0.366,0.0015445030146789065,7.607113479390283,
0.367,0.0015442180421535129,7.592052256516925,
0.368,0.0015439331295356833,7.5769941998476344,
0.369,0.0015436482767929292,7.5619393076653605,
0.37,0.0015433634838927762,7.5468875782537905,
0.371,0.001543078750802764,7.5318390098973405,
0.372,0.0015427940774904458,7.516793600881166,
0.373,0.0015425094639233898,7.501751349491152,
0.374,0.0015422249100691763,7.4867122540139235,
0.375,0.0015419404158954011,7.47167631273683,
0.376,0.0015416559813696729,7.456643523947957,
0.377,0.0015413716064596142,7.441613885936119,
0.378,0.001541087291132862,7.426587396990865,
0.379,0.0015408030353570668,7.411564055402467,
0.38,0.0015405188390998923,7.396543859461935,
0.381,0.0015402347023290167,7.3815268074609985,
0.382,0.0015399506250121321,7.36651289769212,
0.383,0.0015396666071169436,7.351502128448489,
0.384,0.0015393826486111706,7.336494498024019,
0.385,0.001539098749462546,7.321490004713353,
0.386,0.0015388149096388169,7.3064886468118555,
0.387,0.0015385311291077433,7.291490422615619,
0.388,0.0015382474078370996,7.276495330421458,
0.389,0.0015379637457946735,7.26150336852691,
0.39,0.0015376801429482663,7.246514535230236,
0.391,0.0015373965992656936,7.231528828830418,
0.392,0.001537113114714784,7.216546247627162,
0.393,0.0015368296892633799,7.201566789920893,
0.394,0.0015365463228793374,7.186590454012754,
0.395,0.001536263015530526,7.171617238204613,
0.396,0.0015359797671848294,7.15664714079905,
0.397,0.0015356965778101442,7.141680160099368,
0.398,0.0015354134473743806,7.126716294409588,
0.399,0.0015351303758454628,7.111755542034442,
0.4,0.0015348473631913286,7.096797901279385,
0.401,0.0015345644093799288,7.081843370450586,
0.402,0.0015342815143792284,7.0668919478549235,
0.403,0.001533998678157205,7.051943631799999,
0.404,0.0015337159006818509,7.036998420594121,
0.405,0.0015334331819211705,7.022056312546314,
0.406,0.001533150521843183,7.007117305966316,
0.407,0.0015328679204159202,6.992181399164572,
0.408,0.0015325853776074277,6.977248590452244,
0.409,0.0015323028933857648,6.9623188781411995,
0.41,0.001532020467719003,6.947392260544019,
0.411,0.0015317381005752295,6.932468735973993,
0.412,0.0015314557919225422,6.917548302745117,
0.413,0.0015311735417290549,6.902630959172097,
0.414,0.0015308913499628928,6.887716703570346,
0.415,0.0015306092165921956,6.872805534255983,
0.416,0.001530327141585116,6.857897449545834,
0.417,0.0015300451249098202,6.842992447757428,
0.418,0.0015297631665344873,6.828090527209006,
0.419,0.0015294812664273104,6.813191686219501,
0.42,0.0015291994245564958,6.798295923108563,
0.421,0.0015289176408902622,6.783403236196533,
0.422,0.0015286359153968427,6.768513623804465,
0.423,0.0015283542480444832,6.753627084254101,
0.424,0.001528072638801443,6.738743615867902,
0.425,0.0015277910876359943,6.723863216969013,
0.426,0.0015275095945164227,6.7089858858812885,
0.427,0.0015272281594110276,6.6941116209292755,
0.428,0.0015269467822881205,6.679240420438228,
0.429,0.0015266654631160275,6.66437228273409,
0.43,0.0015263842018630861,6.649507206143505,
0.431,0.001526102998497649,6.634645188993813,
0.432,0.0015258218529880807,6.619786229613054,
0.433,0.001525540765302759,6.604930326329956,
0.434,0.0015252597354100757,6.590077477473951,
0.435,0.0015249787632784346,6.575227681375153,
0.436,0.0015246978488762531,6.560380936364381,
0.437,0.0015244169921719618,6.545537240773141,
0.438,0.0015241361931340046,6.530696592933633,
0.439,0.001523855451730838,6.515858991178747,
0.44,0.001523574767930932,6.501024433842064,
0.441,0.0015232941417027692,6.486192919257857,
0.442,0.0015230135730148456,6.471364445761091,
0.443,0.0015227330618356701,6.4565390116874095,
0.444,0.001522452608133765,6.441716615373161,
0.445,0.0015221722118776647,6.426897255155367,
0.446,0.001521891873035918,6.412080929371744,
0.447,0.001521611591577085,6.397267636360692,
0.448,0.0015213313674697403,6.382457374461302,
0.449,0.0015210512006824707,6.36765014201334,
0.45,0.001520771091183876,6.352845937357269,
0.451,0.001520491038942569,6.338044758834228,
0.452,0.0015202110439271755,6.323246604786044,
0.453,0.001519931106106334,6.308451473555222,
0.454,0.0015196512254486965,6.293659363484954,
0.455,0.0015193714019229273,6.278870272919111,
0.456,0.0015190916354977037,6.264084200202246,
0.457,0.001518811926141716,6.249301143679592,
0.458,0.0015185322738236677,6.234521101697063,
0.459,0.0015182526785122738,6.21974407260125,
0.46,0.0015179731401762642,6.204970054739424,
0.461,0.00151769365878438,6.190199046459532,
0.462,0.0015174142343053754,6.175431046110205,
0.463,0.0015171348667080181,6.1606660520407415,
0.464,0.001516855555961088,6.145904062601122,
0.465,0.001516576302033378,6.1311450761419986,
0.466,0.0015162971048936936,6.116389091014703,
0.467,0.001516017964510853,6.101636105571237,
0.468,0.0015157388808536875,6.086886118164282,
0.469,0.0015154598538910412,6.072139127147182,
0.47,0.00151518088359177,6.057395130873961,
0.471,0.0015149019699247435,6.0426541276993175,
0.472,0.001514623112858844,6.027916115978613,
0.473,0.0015143443123629657,6.013181094067884,
0.474,0.001514065568406016,5.998449060323838,
0.475,0.001513786880956915,5.983720013103851,
0.476,0.0015135082499845955,5.968993950765966,
0.477,0.0015132296754580023,5.954270871668894,
0.478,0.0015129511573460938,5.939550774172018,
0.479,0.0015126726956178405,5.924833656635382,
0.48,0.0015123942902422252,5.910119517419701,
0.481,0.001512115941188244,5.895408354886353,
0.482,0.0015118376484249052,5.880700167397381,
0.483,0.0015115594119212295,5.8659949533154965,
0.484,0.0015112812316462503,5.851292711004069,
0.485,0.001511003107569014,5.836593438827135,
0.486,0.0015107250396585788,5.821897135149392,
0.487,0.0015104470278840159,5.807203798336202,
0.488,0.0015101690722144092,5.792513426753584,
0.489,0.001509891172618854,5.7778260187682235,
0.49,0.0015096133290664596,5.763141572747462,
0.491,0.0015093355415263469,5.748460087059301,
0.492,0.0015090578099676492,5.733781560072404,
0.493,0.0015087801343595128,5.7191059901560894,
0.494,0.001508502514671096,5.7044333756803365,
0.495,0.0015082249508715697,5.689763715015778,
0.496,0.0015079474429301172,5.675097006533707,
0.497,0.0015076699908159342,5.660433248606072,
0.498,0.0015073925944982288,5.645772439605473,
0.499,0.0015071152539462218,5.631114577905171,
0.5,0.0015068379691291454,5.616459661879076,
0.501,0.0015065607400162457,5.601807689901754,
0.502,0.0015062835665767798,5.587158660348426,
0.503,0.0015060064487800175,5.572512571594959,
0.504,0.0015057293865952414,5.557869422017879,
0.505,0.0015054523799917462,5.543229209994358,
0.506,0.0015051754289388383,5.528591933902224,
0.507,0.0015048985334058375,5.513957592119947,
0.508,0.001504621693362075,5.499326183026653,
0.509,0.0015043449087768946,5.484697705002118,
0.51,0.0015040681796196524,5.470072156426758,
0.511,0.0015037915058597165,5.4554495356816455,
0.512,0.0015035148874664678,5.440829841148495,
0.513,0.0015032383244092987,5.426213071209668,
0.514,0.0015029618166576145,5.411599224248173,
0.515,0.0015026853641808323,5.396988298647663,
0.516,0.0015024089669483812,5.382380292792437,
0.517,0.0015021326249297035,5.367775205067435,
0.518,0.0015018563380942518,5.353173033858245,
0.519,0.0015015801064114933,5.338573777551091,
0.52,0.001501303929850905,5.323977434532848,
0.521,0.001501027808381978,5.309384003191025,
0.522,0.0015007517419742139,5.294793481913778,
0.523,0.0015004757305971273,5.280205869089896,
0.524,0.0015001997742202452,5.265621163108816,
0.525,0.001499923872813106,5.2510393623606095,
0.526,0.0014996480263452605,5.23646046523599,
0.527,0.0014993722347862713,5.221884470126304,
0.528,0.0014990964981057135,5.207311375423541,
0.529,0.001498820816273174,5.192741179520323,
0.53,0.0014985451892582516,5.178173880809911,
0.531,0.0014982696170305577,5.163609477686203,
0.532,0.0014979940995597147,5.1490479685437265,
0.533,0.0014977186368153584,5.13448935177765,
0.534,0.001497443228767135,5.119933625783773,
0.535,0.0014971678753847042,5.105380788958527,
0.536,0.0014968925766377364,5.090830839698981,
0.537,0.001496617332495915,5.076283776402828,
0.538,0.0014963421429289344,5.061739597468403,
0.539,0.001496067007906502,5.047198301294664,
0.54,0.0014957919273983365,5.032659886281202,
0.541,0.001495516901374168,5.018124350828239,
0.542,0.0014952419298037397,5.003591693336623,
0.543,0.0014949670126568055,4.989061912207837,
0.544,0.0014946921499031324,4.9745350058439834,
0.545,0.001494417341512498,4.960010972647799,
0.546,0.001494142587454693,4.945489811022647,
0.547,0.0014938678876995188,4.930971519372511,
0.548,0.0014935932422167897,4.916456096102007,
0.549,0.0014933186509763308,4.901943539616375,
0.55,0.0014930441139479798,4.887433848321476,
0.551,0.001492769631101586,4.8729270206237985,
0.552,0.0014924952024070104,4.8584230549304515,
0.553,0.0014922208278341255,4.84392194964917,
0.554,0.0014919465073528165,4.829423703188309,
0.555,0.0014916722409329792,4.814928313956846,
0.556,0.001491398028544522,4.8004357803643805,
0.557,0.0014911238701573644,4.78594610082113,
0.558,0.0014908497657414386,4.771459273737933,
0.559,0.001490575715266687,4.756975297526249,
0.56,0.0014903017187030657,4.742494170598155,
0.561,0.0014900277760205407,4.728015891366345,
0.562,0.0014897538871890903,4.713540458244133,
0.563,0.0014894800521787048,4.699067869645451,
0.564,0.001489206270959386,4.684598123984839,
0.565,0.0014889325435011472,4.670131219677463,
0.566,0.0014886588697740131,4.655667155139101,
0.567,0.001488385249748021,4.6412059287861425,
0.568,0.0014881116833932184,4.626747539035595,
0.569,0.0014878381706796657,4.612291984305078,
0.57,0.0014875647115774342,4.597839263012827,
0.571,0.001487291306056607,4.583389373577682,
0.572,0.0014870179540872786,4.568942314419103,
0.573,0.0014867446556395556,4.554498083957157,
0.574,0.0014864714106835554,4.540056680612524,
0.575,0.0014861982191894073,4.525618102806493,
0.576,0.0014859250811272522,4.5111823489609595,
0.577,0.0014856519964672424,4.4967494174984335,
0.578,0.0014853789651795418,4.48231930684203,
0.579,0.0014851059872343258,4.467892015415472,
0.58,0.0014848330626017813,4.453467541643091,
0.581,0.0014845601912521066,4.439045883949824,
0.582,0.0014842873731555114,4.424627040761214,
0.583,0.001484014608282217,4.41021101050341,
0.584,0.001483741896602456,4.395797791603166,
0.585,0.0014834692380864727,4.38138738248784,
0.586,0.0014831966327045227,4.3669797815853935,
0.587,0.0014829240804268729,4.352574987324393,
0.588,0.0014826515812238017,4.338172998134004,
0.589,0.0014823791350655985,4.323773812443998,
0.59,0.001482106741922565,4.309377428684746,
0.591,0.0014818344017650134,4.29498384528722,
0.592,0.0014815621145632678,4.2805930606829925,
0.593,0.001481289880287663,4.266205073304236,
0.594,0.0014810176989085461,4.251819881583721,
0.595,0.0014807455703962748,4.237437483954819,
0.596,0.001480473494721218,4.223057878851498,
0.597,0.0014802014718537564,4.208681064708324,
0.598,0.0014799295017642819,4.19430703996046,
0.599,0.0014796575844231974,4.179935803043663,
0.6,0.0014793857198009176,4.16556735239429,
0.601,0.001479113907867868,4.15120168644929,
0.602,0.0014788421485944854,4.136838803646207,
0.603,0.0014785704419512176,4.122478702423182,
0.604,0.0014782987879085243,4.108121381218945,
0.605,0.0014780271864368762,4.093766838472825,
0.606,0.001477755637506755,4.079415072624736,
0.607,0.001477484141088653,4.065066082115188,
0.608,0.0014772126971530754,4.050719865385284,
0.609,0.001476941305670537,4.036376420876713,
0.61,0.0014766699666115641,4.02203574703176,
0.611,0.001476398679946695,4.007697842293293,
0.612,0.0014761274456464779,3.9933627051047735,
0.613,0.001475856263681473,3.9790303339102504,
0.614,0.0014755851340222512,3.96470072715436,
0.615,0.001475314056639395,3.9503738832823267,
0.616,0.0014750430315034974,3.936049800739961,
0.617,0.0014747720585851626,3.9217284779736588,
0.618,0.0014745011378550063,3.907409913430404,
0.619,0.0014742302692836553,3.8930941055577644,
0.62,0.0014739594528417467,3.878781052803891,
0.621,0.0014736886884999293,3.8644707536175202,
0.622,0.0014734179762288626,3.850163206447971,
0.623,0.0014731473159992176,3.8358584097451476,
0.624,0.0014728767077816758,3.8215563619595314,
0.625,0.00147260615154693,3.807257061542192,
0.626,0.0014723356472656837,3.7929605069447745,
0.627,0.001472065194908652,3.7786666966195073,
0.628,0.0014717947944465604,3.7643756290191996,
0.629,0.0014715244458501453,3.7500873025972377,
0.63,0.0014712541490901545,3.7358017158075882,
0.631,0.0014709839041373465,3.721518867104797,
0.632,0.0014707137109624907,3.707238754943985,
0.633,0.0014704435695363676,3.692961377780853,
0.634,0.0014701734798297685,3.6786867340716776,
0.635,0.0014699034418134956,3.6644148222733115,
0.636,0.0014696334554583617,3.6501456408431827,
0.637,0.001469363520735191,3.635879188239294,
0.638,0.0014690936376148185,3.6216154629202233,
0.639,0.0014688238060680896,3.6073544633451227,
0.64,0.0014685540260658612,3.5930961879737167,
0.641,0.0014682842975790003,3.5788406352663036,
0.642,0.0014680146205783852,3.5645878036837524,
0.643,0.0014677449950349054,3.5503376916875062,
0.644,0.0014674754209194599,3.5360902977395763,
0.645,0.00146720589820296,3.5218456203025466,
0.646,0.0014669364268563268,3.5076036578395713,
0.647,0.0014666670068504925,3.4933644088143727,
0.648,0.0014663976381564,3.479127871691242,
0.649,0.0014661283207450034,3.46489404493504,
0.65,0.0014658590545872667,3.4506629270111957,
0.651,0.0014655898396541654,3.4364345163857024,
0.652,0.0014653206759166852,3.4222088115251226,
0.653,0.0014650515633458229,3.4079858108965855,
0.654,0.0014647825019125855,3.393765512967784,
0.655,0.0014645134915879914,3.379547916206976,
0.656,0.0014642445323430691,3.3653330190829864,
0.657,0.001463975624148858,3.351120820065202,
0.658,0.0014637067669764081,3.336911317623573,
0.659,0.0014634379607967802,3.3227045102286135,
0.66,0.0014631692055810453,3.3085003963513984,
0.661,0.0014629005013002856,3.294298974463566,
0.662,0.0014626318479255935,3.280100243037315,
0.663,0.0014623632454280723,3.265904200545405,
0.664,0.001462094693778836,3.2517108454611554,
0.665,0.0014618261929490086,3.237520176258446,
0.666,0.001461557742909725,3.223332191411713,
0.667,0.001461289343632131,3.2091468893959547,
0.668,0.0014610209950873822,3.194964268686726,
0.669,0.001460752697246646,3.1807843277601378,
0.67,0.0014604844500810984,3.166607065092858,
0.671,0.001460216253561928,3.152432479162114,
0.672,0.0014599481076603329,3.138260568445684,
0.673,0.0014596800123475213,3.1240913314219063,
0.674,0.0014594119675947126,3.1099247665696717,
0.675,0.0014591439733731366,3.095760872368422,
0.676,0.0014588760296540331,3.0815996472981575,
0.677,0.0014586081364086534,3.06744108983943,
0.678,0.0014583402936082575,3.053285198473342,
0.679,0.001458072501224118,3.0391319716815497,
0.68,0.001457804759227516,3.0249814079462602,
0.681,0.0014575370675897442,3.0108335057502313,
0.682,0.0014572694262821053,2.9966882635767726,
0.683,0.0014570018352759125,2.9825456799097396,
0.684,0.0014567342945424895,2.968405753233541,
0.685,0.0014564668040531698,2.954268482033132,
0.686,0.0014561993637792982,2.9401338647940176,
0.687,0.001455931973692229,2.926001900002249,
0.688,0.0014556646337633276,2.911872586144425,
0.689,0.0014553973439639688,2.897745921707689,
0.69,0.001455130104265539,2.8836219051797336,
0.691,0.0014548629146394335,2.8695005350487954,
0.692,0.001454595775057059,2.855381809803655,
0.693,0.0014543286854898322,2.8412657279336386,
0.694,0.0014540616459091799,2.827152287928616,
0.695,0.0014537946562865392,2.813041488279,
0.696,0.0014535277165933576,2.798933327475746,
0.697,0.001453260826801093,2.784827804010351,
0.698,0.0014529939868812131,2.7707249163748546,
0.699,0.001452727196805196,2.7566246630618387,
0.7,0.0014524604565445307,2.7425270425644226,
0.701,0.0014521937660707154,2.728432053376268,
0.702,0.0014519271253552592,2.714339693991576,
0.703,0.0014516605343696807,2.700249962905086,
0.704,0.0014513939930855095,2.686162858612075,
0.705,0.001451127501474285,2.67207837960836,
0.706,0.0014508610595075568,2.6579965243902923,
0.707,0.0014505946671568846,2.643917291454765,
0.708,0.001450328324393838,2.6298406792992015,
0.709,0.0014500620311899974,2.6157666864215656,
0.71,0.0014497957875169532,2.601695311320354,
0.711,0.001449529593346305,2.5876265524945987,
0.712,0.0014492634486496638,2.5735604084438655,
0.713,0.0014489973533986496,2.5594968776682547,
0.714,0.0014487313075648932,2.545435958668399,
0.715,0.001448465311120035,2.531377649945462,
0.716,0.001448199364035726,2.517321950001143,
0.717,0.001447933466283627,2.503268857337669,
0.718,0.0014476676178354084,2.489218370457801,
0.719,0.0014474018186627514,2.475170487864829,
0.72,0.0014471360687373467,2.4611252080625734,
0.721,0.001446870368030895,2.447082529555382,
0.722,0.0014466047165151077,2.4330424508481334,
0.723,0.0014463391141617053,2.4190049704462355,
0.724,0.0014460735609424186,2.40497008685562,
0.725,0.0014458080568289888,2.3909377985827502,
0.726,0.0014455426017931665,2.3769081041346136,
0.727,0.0014452771958067122,2.362881002018723,
0.728,0.0014450118388413971,2.3488564907431213,
0.729,0.0014447465308690015,2.33483456881637,
0.73,0.0014444812718613163,2.3208152347475592,
0.731,0.0014442160617901415,2.306798487046305,
0.732,0.0014439509006272879,2.2927843242227413,
0.733,0.0014436857883445755,2.2787727447875303,
0.734,0.0014434207249138346,2.264763747251853,
0.735,0.0014431557103069053,2.2507573301274135,
0.736,0.0014428907444956375,2.2367534919264394,
0.737,0.0014426258274518908,2.2227522311616745,
0.738,0.001442360959147535,2.2087535463463888,
0.739,0.0014420961395544495,2.194757435994367,
0.74,0.0014418313686445235,2.1807638986199147,
0.741,0.0014415666463896562,2.1667729327378584,
0.742,0.0014413019727617564,2.15278453686354,
0.743,0.0014410373477327426,2.1387987095128196,
0.744,0.001440772771274544,2.1248154492020768,
0.745,0.0014405082433590977,2.110834754448204,
0.746,0.0014402437639583529,2.0968566237686135,
0.747,0.0014399793330442663,2.0828810556812307,
0.748,0.0014397149505888062,2.0689080487044973,
0.749,0.0014394506165639493,2.0549376013573686,
0.75,0.001439186330941683,2.0409697121593147,
0.751,0.001438922093694004,2.0270043796303194,
0.752,0.0014386579047929182,2.0130416022908775,
0.753,0.0014383937642104422,1.999081378661999,
0.754,0.0014381296719186015,1.9851237072652044,
0.755,0.0014378656278894316,1.9711685866225261,
0.756,0.0014376016320949779,1.9572160152565066,
0.757,0.0014373376845072947,1.943265991690199,
0.758,0.0014370737850984468,1.9293185144471674,
0.759,0.0014368099338405082,1.9153735820514837,
0.76,0.0014365461307055624,1.9014311930277288,
0.761,0.0014362823756657029,1.8874913459009928,
0.762,0.0014360186686930324,1.8735540391968726,
0.763,0.0014357550097596637,1.8596192714414728,
0.764,0.0014354913988377186,1.8456870411614041,
0.765,0.001435227835899329,1.8317573468837849,
0.766,0.001434964320916636,1.8178301871362375,
0.767,0.0014347008538617906,1.8039055604468903,
0.768,0.001434437434706953,1.7899834653443765,
0.769,0.001434174063424293,1.7760639003578325,
0.77,0.0014339107399859898,1.7621468640168987,
0.771,0.001433647464364233,1.7482323548517196,
0.772,0.0014333842365312206,1.7343203713929398,
0.773,0.0014331210564591606,1.7204109121717093,
0.774,0.0014328579241202706,1.7065039757196754,
0.775,0.001432594839486777,1.692599560568991,
0.776,0.0014323318025309165,1.678697665252306,
0.777,0.0014320688132249352,1.6647982883027712,
0.778,0.001431805871541088,1.6509014282540382,
0.779,0.0014315429774516399,1.6370070836402553,
0.78,0.001431280130928865,1.6231152529960713,
0.781,0.0014310173319450465,1.6092259348566307,
0.782,0.001430754580472478,1.5953391277575781,
0.783,0.0014304918764834612,1.5814548302350522,
0.784,0.0014302292199503085,1.5675730408256887,
0.785,0.0014299666108453409,1.5536937580666217,
0.786,0.0014297040491408886,1.5398169804954773,
0.787,0.001429441534809292,1.5259427066503775,
0.788,0.0014291790678229,1.5120709350699388,
0.789,0.0014289166481540711,1.4982016642932725,
0.79,0.0014286542757751734,1.4843348928599809,
0.791,0.0014283919506585844,1.47047061931016,
0.792,0.0014281296727766902,1.4566088421843992,
0.793,0.001427867442101887,1.4427495600237774,
0.794,0.0014276052586065797,1.4288927713698667,
0.795,0.0014273431222631828,1.415038474764729,
0.796,0.0014270810330441201,1.4011866687509171,
0.797,0.0014268189909218247,1.3873373518714704,
0.798,0.0014265569958687384,1.3734905226699219,
0.799,0.0014262950478573133,1.3596461796902912,
0.8,0.0014260331468600096,1.3458043214770845,
0.801,0.0014257712928492975,1.3319649465752985,
0.802,0.001425509485797656,1.318128053530415,
0.803,0.0014252477256775733,1.304293640888402,
0.804,0.0014249860124615475,1.2904617071957156,
0.805,0.0014247243461220846,1.2766322509992962,
0.806,0.0014244627266317015,1.2628052708465685,
0.807,0.0014242011539629224,1.2489807652854439,
0.808,0.001423939628088282,1.2351587328643157,
0.809,0.0014236781489803236,1.2213391721320614,
0.81,0.0014234167166115995,1.2075220816380419,
0.811,0.0014231553309546718,1.1937074599321007,
0.812,0.0014228939919821112,1.179895305564562,
0.813,0.0014226326996664973,1.1660856170862341,
0.814,0.0014223714539804194,1.1522783930484022,
0.815,0.0014221102548964753,1.1384736320028357,
0.816,0.0014218491023872725,1.1246713325017823,
0.817,0.0014215879964254267,1.110871493097969,
0.818,0.0014213269369835638,1.0970741123446028,
0.819,0.0014210659240343178,1.0832791887953683,
0.82,0.0014208049575503325,1.0694867210044272,
0.821,0.0014205440375042598,1.055696707526421,
0.822,0.0014202831638687613,1.0419091469164667,
0.823,0.0014200223366165076,1.028124037730156,
0.824,0.001419761555720178,1.0143413785235595,
0.825,0.001419500821152461,1.0005611678532218,
0.826,0.0014192401328860542,0.9867834042761627,
0.827,0.0014189794908936633,0.9730080863498752,
0.828,0.0014187188951480041,0.9592352126323281,
0.829,0.0014184583456218,0.9454647816819627,
0.83,0.0014181978422877842,0.9316967920576946,
0.831,0.0014179373851186975,0.9179312423189095,
0.832,0.0014176769740872894,0.9041681310254696,
0.833,0.0014174166091663167,0.8904074567377064,
0.834,0.0014171562903285426,0.8766492180164276,
0.835,0.0014168960175467362,0.8628934134229136,
0.836,0.0014166357907936683,0.8491400415189236,
0.837,0.0014163756100421072,0.8353891008666975,
0.838,0.0014161154752648114,0.8216405900289669,
0.839,0.0014158553864345152,0.8078945075689677,
0.84,0.0014155953435239061,0.7941508520504674,
0.841,0.001415335346505586,0.780409622037807,
0.842,0.001415075395352002,0.7666708160959791,
0.843,0.001414815490035335,0.752934432790754,
0.844,0.0014145556305273019,0.7392004706888997,
0.845,0.0014142958167988235,0.7254689283585564,
0.846,0.001414036048819458,0.7117398043698753,
0.847,0.0014137763265564332,0.6980130972961043,
0.848,0.0014135166499729972,0.6842888057154416,
0.849,0.001413257019025608,0.6705669282141916,
0.85,0.001412997433657944,0.6568474633934958,
0.851,0.0014127378937930028,0.6431304098781865,
0.852,0.0014124783993199976,0.6294157663314723,
0.853,0.0014122189500688812,0.6157035314834856,
0.854,0.0014119595457694448,0.601993704177074,
0.855,0.001411700185979952,0.5882862834476531,
0.856,0.0014114408699670412,0.5745812686574941,
0.857,0.001411181596501261,0.5608786597241976,
0.858,0.0014109223635128656,0.5471784575050445,
0.859,0.0014106631675223419,0.5334806644324075,
0.86,0.00141040400272566,0.5197852855335287,
0.861,0.0014101448595816247,0.5060923300037793,
0.862,0.0014098857227247753,0.49240181352841034,
0.863,0.001409626568015222,0.4787137615602116,
0.864,0.0014093673585357132,0.46502821376060444,
0.865,0.0014091080393714287,0.45134522978238173,
0.866,0.0014088485308900445,0.4376648967029322,
0.867,0.0014085880298441255,0.4239881084208245,
0.868,0.00140832670826986,0.41031466944297174,
0.869,0.0014080638153135567,0.3966454127223867,
0.87,0.0014077979708971293,0.3829818693724547,
0.871,0.001407527207506269,0.3693262198371851,
0.872,0.001407247999038348,0.3556823712295952,
0.873,0.0014069544601465515,0.3420568409120925,
0.874,0.0014066366661943618,0.32846061267319426,
0.875,0.0014062780364354204,0.3149120245177954,
0.876,0.0014058512045314559,0.3014413215183381,
0.877,0.0014053118992896866,0.28809739422963565,
0.878,0.0014045908432557285,0.2749566835239381,
0.879,0.001403585262988686,0.26213247774117554,
0.88,0.0014021547631101001,0.2497793458379302,
0.881,0.0014001301727442385,0.23808321828718115,
0.882,0.0013973416036588244,0.2272302961690553,
0.883,0.0013936598278911623,0.21736139264918353,
0.884,0.0013890286156700588,0.20853643152812026,
0.885,0.0013834689779513704,0.20073005101507335,
0.886,0.0013770578082553827,0.1938554157912435,
0.887,0.0013698987774192295,0.18779645591493913,
0.888,0.0013620995064450826,0.18243306957294678,
0.889,0.0013537588676451222,0.17765509246695332,
0.89,0.0013449620648960227,0.17336766727887057,
0.891,0.0013357801134105231,0.16949176302553134,
0.892,0.0013262712479653821,0.16596257732295777,
0.893,0.001316482959440945,0.16272725651025008,
0.894,0.0013064539590503677,0.1597427041693802,
0.895,0.0012962159070240929,0.15697365630142804,
0.896,0.0012857948700869032,0.15439106092340962,
0.897,0.0012752123885367889,0.15197089085576074,
0.898,0.0012644864257074138,0.1496930898215909,
0.899,0.0012536320528964986,0.14754081150401516,
0.9,0.0012426620068337125,0.1454998007116723,
0.901,0.0012315870979396767,0.1435579396548645,
0.902,0.0012204166011700872,0.14170481507293542,
0.903,0.0012091584886898096,0.13993145921595954,
0.904,0.0011978196630423352,0.13823009136861675,
0.905,0.0011864061322623886,0.1365939235150851,
0.906,0.00117492315209719,0.13501700251644938,
0.907,0.0011633753420811595,0.133494081307079,
0.908,0.0011517667807986432,0.13202051318657115,
0.909,0.0011401010845158205,0.13059216456609335,
0.91,0.0011283814724546033,0.1292053425369217,
0.911,0.0011166108212832457,0.12785673440424086,
0.912,0.0011047916993672195,0.1265433693422019,
0.913,0.0010929264557325122,0.12526252114995717,
0.914,0.0010810171686825457,0.12401176281805767,
0.915,0.0010690657371943667,0.12278886694875353,
0.916,0.0010570738861263166,0.12159179944408649,
0.917,0.0010450431970886404,0.12041868559846287,
0.918,0.0010329750804940257,0.11926783958847344,
0.919,0.001020870868123458,0.11813766433169288,
0.92,0.0010087317670650585,0.11702670063629475,
0.921,0.000996558889340856,0.1159335949209639,
0.922,0.0009843532619638903,0.1148570880579648,
0.923,0.0009721158355312123,0.11379600583250377,
0.924,0.0009598474934765346,0.11274924873723817,
0.925,0.0009475490543945993,0.11171578922055923,
0.926,0.0009352212953281372,0.11069464654569305,
0.927,0.0009228649171890152,0.10968492354869461,
0.928,0.0009104806028200998,0.1086857443872,
0.929,0.0008980689837510672,0.10769628991396345,
0.93,0.0008856306568754102,0.10671577970744431,
0.931,0.0008731661872581355,0.10574346894726573,
0.932,0.0008606761113364911,0.10477864488523748,
0.933,0.0008481609399687484,0.103820623493476,
0.934,0.0008356211612653149,0.10286874635861445,
0.935,0.0008230572432129633,0.10192237780946425,
0.936,0.0008104696361158837,0.10098090225185673,
0.937,0.0007978587748780296,0.10004372168374341,
0.938,0.0007852250811491667,0.09911025336597339,
0.939,0.0007725689653581,0.09817992762317657,
0.94,0.0007598908286453203,0.09725218576124157,
0.941,0.0007471910647222469,0.09632647807213857,
0.942,0.0007344700616657814,0.09540226191654139,
0.943,0.0007217282036667774,0.09447899986431771,
0.944,0.0007089658727464696,0.09355615787788982,
0.945,0.0006961834504549716,0.09263320352349727,
0.946,0.0006833813195656539,0.09170960419580364,
0.947,0.0006705598657791176,0.09078482534149312,
0.948,0.0006577194794505806,0.08985832866748471,
0.949,0.0006448605573548101,0.08892957031916886,
0.95,0.0006319835045032471,0.08799799901363278,