P2.K,V(B),I(I_B.nA),
0.05,0.6175978274101346,0.0000013233927581184244,
0.051,0.6199448302261019,0.0000014498496148055409,
0.052,0.6221229603151077,0.0000015779921253803596,
0.053,0.6241532177547899,0.0000017076103567625247,
0.054,0.6260531035342507,0.000001838529356588572,
0.055,0.6278373566254529,0.0000019706017847273666,
0.056,0.6295184541830366,0.0000021037029126630975,
0.057,0.6311070416789303,0.000002237726323428219,
0.058,0.6326122618466294,0.0000023725806231221062,
0.059,0.634042015470206,0.00000250818683378388,
0.06,0.6354031696934552,0.000002644476310910242,
0.061,0.6367017256398906,0.0000027813890677454157,
0.062,0.6379429542583575,0.000002918872417221418,
0.063,0.6391315071768714,0.000003056879863742526,
0.064,0.6402715077596975,0.0000031953701928789837,
0.065,0.6413666263741591,0.00000333430671891693,
0.066,0.6424201429784138,0.000003473656659161325,
0.067,0.6434349994627431,0.000003613390610673618,
0.068,0.6444138436589576,0.0000037534821103038005,
0.069,0.6453590665346325,0.000003893907262854172,
0.07,0.646272833781227,0.000004034644425287903,
0.071,0.6471571127656981,0.000004175673937289085,
0.072,0.6480136956277206,0.00000431697789035555,
0.073,0.6488442191568992,0.000004458539929082372,
0.074,0.6496501819672812,0.0000046003450794646,
0.075,0.6504329593931808,0.000004742379599980256,
0.076,0.6511938164555519,0.000004884630851962337,
0.077,0.6519339191879174,0.00000502708718637053,
0.078,0.6526543445621097,0.000005169737844560844,
0.079,0.6533560892143863,0.000005312572871048046,
0.08,0.6540400771400829,0.000005455583036579839,
0.081,0.6547071664983242,0.000005598759770107943,
0.082,0.6553581556463693,0.000005742095098460634,
0.083,0.6559937885049949,0.000005885581592703096,
0.084,0.6566147593411974,0.000006029212320322905,
0.085,0.6572217170418995,0.000006172980802504086,
0.086,0.6578152689417716,0.000006316880975858794,
0.087,0.6583959842594083,0.000006460907158074358,
0.088,0.6589643971886077,0.000006605054017008351,
0.089,0.6595210096851641,0.000006749316542827724,
0.09,0.6600662939842016,0.0000068936900228417705,
0.091,0.6606006948784984,0.000007038170018724551,
0.092,0.6611246317843367,0.0000071827523458615235,
0.093,0.6616385006180521,0.000007327433054588607,
0.094,0.662142675503592,0.000007472208413120787,
0.095,0.6626375103288973,0.000007617074891992027,
0.096,0.663123348722393,0.000007762029064367952,
0.097,0.663600489870064,0.000007907067947571109,
0.098,0.664069245016591,0.000008052188438550051,
0.099,0.6645299001238036,0.000008197387686966256,
0.1,0.6649827269274016,0.000008342662984715617,
0.101,0.6654279838564098,0.00000848801175673597,
0.102,0.6658659168809619,0.000008633431552531183,
0.103,0.6662967602941129,0.000008778920038354795,
0.104,0.6667207374336971,0.000008924474989993025,
0.105,0.667138061349633,0.00000907009428609321,
0.106,0.667548935421515,0.000009215775901989228,
0.107,0.6679535539308448,0.000009361517903980424,
0.108,0.668352102591819,0.000009507318444024865,
0.109,0.6687447590441998,0.000009653175754811687,
0.11,0.6691316933114597,0.000009799088145180618,
0.111,0.669513068227074,0.000009945053995859903,
0.112,0.6698890398315733,0.000010091071755496646,
0.113,0.6702597577427136,0.000010237139936955822,
0.114,0.6706253655009095,0.00001038325711386667,
0.115,0.6709860008918789,0.000010529421917396864,
0.116,0.67134179624827,0.000010675633033236856,
0.117,0.6716928787318852,0.000010821889198778174,
0.118,0.6720393705979735,0.000010968189200471031,
0.119,0.672381389442935,0.000011114531871347717,
0.12,0.6727190484366679,0.000011260916088699601,
0.121,0.6730524565406774,0.000011407340771896427,
0.122,0.673381718712981,0.000011553804880337643,
0.123,0.6737069361007512,0.00001170030741152633,
0.124,0.6740282062215621,0.00001184684739925706,
0.125,0.6743456231340385,0.0000119934239119097,
0.126,0.6746592775986353,0.000012140036050841907,
0.127,0.6749692572292274,0.000012286682948873492,
0.128,0.675275646636125,0.000012433363768856508,
0.129,0.6755785275610923,0.000012580077702325297,
0.13,0.6758779790048935,0.000012726823968221222,
0.131,0.6761740773478623,0.000012873601811687207,
0.132,0.6764668964639369,0.000013020410502927534,
0.133,0.676756507828587,0.000013167249336128764,
0.134,0.6770429806210171,0.000013314117628437862,
0.135,0.6773263818210041,0.00001346101471899398,
0.136,0.6776067763007044,0.000013607939968010503,
0.137,0.6778842269117391,0.000013754892755904353,
0.138,0.6781587945678448,0.000013901872482469587,
0.139,0.6784305383233569,0.000014048878566092695,
0.14,0.6786995154477757,0.00001419591044300703,
0.141,0.6789657814966447,0.00001434296756658413,
0.142,0.6792293903789584,0.000014490049406659741,
0.143,0.6794903944213014,0.000014637155448892503,
0.144,0.6797488444289064,0.000014784285194153471,
0.145,0.6800047897438025,0.00001493143815794468,
0.146,0.6802582783002273,0.000015078613869845126,
0.147,0.6805093566774443,0.000015225811872982644,
0.148,0.6807580701501184,0.000015373031723530212,
0.149,0.6810044627363778,0.000015520272990225403,
0.15,0.6812485772436933,0.00001566753525391165,
0.151,0.6814904553126856,0.000015814818107100203,
0.152,0.681730137458979,0.000015962121153551683,
0.153,0.6819676631131998,0.00001610944400787608,
0.154,0.6822030706592191,0.000016256786295150438,
0.155,0.6824363974707308,0.000016404147650553074,
0.156,0.6826676799462503,0.00001655152771901362,
0.157,0.6828969535426164,0.000016698926154878075,
0.158,0.6831242528070705,0.000016846342621588023,
0.159,0.6833496114079856,0.000016993776791373383,
0.16,0.6835730621643133,0.00001714122834495796,
0.161,0.683794637073811,0.000017288696971277205,
0.162,0.6840143673401096,0.00001743618236720756,
0.163,0.6842322833986787,0.000017583684237306843,
0.164,0.6844484149417425,0.00001773120229356509,
0.165,0.6846627909421968,0.00001787873625516543,
0.166,0.6848754396765742,0.00001802628584825443,
0.167,0.6850863887471017,0.00001817385080572155,
0.168,0.685295665102897,0.000018321430866987206,
0.169,0.6855032950603382,0.000018469025777799053,
0.17,0.6857093043226491,0.000018616635290036207,
0.171,0.6859137179987339,0.00001876425916152084,
0.172,0.6861165606212979,0.00001891189715583706,
0.173,0.6863178561642825,0.00001905954904215651,
0.174,0.6865176280596483,0.000019207214595070593,
0.175,0.6867158992135364,0.000019354893594428838,
0.176,0.6869126920218298,0.00001950258582518332,
0.177,0.6871080283851478,0.000019650291077238708,
0.178,0.6873019297232948,0.000019798009145307805,
0.179,0.6874944169891859,0.000019945739828772277,
0.18,0.6876855106822739,0.000020093482931548395,
0.181,0.6878752308615,0.00002024123826195758,
0.182,0.6880635971577839,0.000020389005632601404,
0.183,0.6882506287860777,0.000020536784860241192,
0.184,0.6884363445569982,0.000020684575765681582,
0.185,0.6886207628880572,0.000020832378173658323,
0.186,0.6888039018145052,0.000020980191912729763,
0.187,0.6889857789998048,0.000021128016815172185,
0.188,0.6891664117457487,0.00002127585271687859,
0.189,0.6893458170022364,0.00002142369945726094,
0.19,0.6895240113767251,0.00002157155687915567,
0.191,0.6897010111433628,0.000021719424828732356,
0.192,0.6898768322518242,0.000021867303155405326,
0.193,0.6900514903358523,0.0000220151917117483,
0.194,0.6902250007215244,0.000022163090353411667,
0.195,0.6903973784352482,0.000022310998939042618,
0.196,0.6905686382115015,0.000022458917330207642,
0.197,0.6907387945003242,0.000022606845391317697,
0.198,0.6909078614745712,0.000022754782989555628,
0.199,0.6910758530369372,0.00002290272999480596,
0.2,0.6912427828267597,0.000023050686279586807,
0.201,0.6914086642266112,0.000023198651718984057,
0.202,0.6915735103686854,0.000023346626190587376,
0.203,0.6917373341409873,0.00002349460957442844,
0.204,0.6919001481933333,0.00002364260175292083,
0.205,0.6920619649431694,0.000023790602610801904,
0.206,0.6922227965812114,0.0000239386120350764,
0.207,0.6923826550769178,0.000024086629914961676,
0.208,0.6925415521837958,0.000024234656141834664,
0.209,0.6926994994445534,0.000024382690609180362,
0.21,0.6928565081960961,0.000024530733212541846,
0.211,0.6930125895743767,0.000024678783849471784,
0.212,0.6931677545191065,0.000024826842419485328,
0.213,0.6933220137783254,0.0000249749088240144,
0.214,0.6934753779128431,0.00002512298296636328,
0.215,0.6936278573005513,0.000025271064751665495,
0.216,0.693779462140613,0.000025419154086841924,
0.217,0.6939302024575326,0.000025567250880560102,
0.218,0.6940800881051116,0.000025715355043194613,
0.219,0.6942291287702924,0.000025863466486788735,
0.22,0.6943773339768957,0.000026011585125017007,
0.221,0.6945247130892529,0.000026159710873148898,
0.222,0.694671275315739,0.000026307843648013547,
0.223,0.6948170297122079,0.000026455983367965304,
0.224,0.6949619851853349,0.000026604129952850406,
0.225,0.6951061504958662,0.000026752283323974407,
0.226,0.6952495342617828,0.00002690044340407058,
0.227,0.6953921449613779,0.000027048610117269134,
0.228,0.6955339909362531,0.000027196783389067237,
0.229,0.6956750803942332,0.000027344963146299885,
0.23,0.6958154214122051,0.00002749314931711149,
0.231,0.6959550219388821,0.000027641341830928277,
0.232,0.6960938897974956,0.000027789540618431313,
0.233,0.6962320326884152,0.000027937745611530346,
0.234,0.6963694581917029,0.00002808595674333824,
0.235,0.6965061737696007,0.00002823417394814612,
0.236,0.6966421867689537,0.00002838239716139911,
0.237,0.6967775044235727,0.000028530626319672733,
0.238,0.6969121338565346,0.000028678861360649886,
0.239,0.6970460820824274,0.00002882710222309841,
0.24,0.6971793560095365,0.000028975348846849207,
0.241,0.6973119624419772,0.00002912360117277493,
0.242,0.6974439080817744,0.000029271859142769163,
0.243,0.6975751995308895,0.000029420122699726183,
0.244,0.6977058432931995,0.000029568391787521143,
0.245,0.6978358457764248,0.000029716666350990795,
0.246,0.6979652132940118,0.00002986494633591467,
0.247,0.6980939520669702,0.00003001323168899672,
0.248,0.6982220682256634,0.000030161522357847377,
0.249,0.6983495678115579,0.00003030981829096609,
0.25,0.6984764567789309,0.00003045811943772421,
0.251,0.6986027409965355,0.00003060642574834841,
0.252,0.6987284262492282,0.00003075473717390433,
0.253,0.6988535182395559,0.000030903053666280735,
0.254,0.6989780225893081,0.00003105137517817402,
0.255,0.6991019448410313,0.000031199701663073026,
0.256,0.6992252904595072,0.00003134803307524427,
0.257,0.699348064833199,0.00003149636936971749,
0.258,0.6994702732756625,0.00003164471050227154,
0.259,0.6995919210269251,0.000031793056429420556,
0.26,0.6997130132548341,0.00003194140710840054,
0.261,0.6998335550563729,0.000032089762497156124,
0.262,0.6999535514589488,0.000032238122554327755,
0.263,0.7000730074216508,0.00003238648723923908,
0.264,0.7001919278364797,0.00003253485651188467,
0.265,0.7003103175295495,0.00003268323033291795,
0.266,0.7004281812622646,0.00003283160866363952,
0.267,0.7005455237324676,0.000032979991465985575,
0.268,0.7006623495755644,0.00003312837870251672,
0.269,0.7007786633656236,0.000033276770336406966,
0.27,0.7008944696164512,0.00003342516633143295,
0.271,0.7010097727826432,0.00003357356665196347,
0.272,0.7011245772606148,0.000033721971262949114,
0.273,0.7012388873896065,0.00003387038012991225,
0.274,0.7013527074526702,0.00003401879321893718,
0.275,0.7014660416776327,0.000034167210496660446,
0.276,0.7015788942380395,0.000034315631930261434,
0.277,0.7016912692540787,0.000034464057487453146,
0.278,0.7018031707934844,0.000034612487136473093,
0.279,0.7019146028724225,0.000034760920846074556,
0.28,0.7020255694563557,0.000034909358585517806,
0.281,0.7021360744608934,0.0000350578003245617,
0.282,0.7022461217526217,0.000035206246033455356,
0.283,0.7023557151499167,0.00003535469568292998,
0.284,0.7024648584237411,0.00003550314924419097,
0.285,0.7025735552984256,0.00003565160668891,
0.286,0.7026818094524315,0.000035800067989217544,
0.287,0.7027896245191015,0.000035948533117695194,
0.288,0.7028970040873918,0.000036097002047368504,
0.289,0.7030039517025912,0.00003624547475169964,
0.29,0.7031104708670258,0.0000363939512045805,
0.291,0.7032165650407491,0.00003654243138032564,
0.292,0.7033222376422181,0.000036690915253665686,
0.293,0.7034274920489563,0.000036839402799740533,
0.294,0.7035323315982036,0.00003698789399409299,
0.295,0.7036367595875536,0.00003713638881266232,
0.296,0.7037407792755772,0.00003728488723177804,
0.297,0.703844393882436,0.00003743338922815377,
0.298,0.7039476065904815,0.00003758189477888126,
0.299,0.704050420544844,0.00003773040386142449,
0.3,0.7041528388540107,0.00003787891645361389,
0.301,0.7042548645903903,0.00003802743253364067,
0.302,0.7043565007908696,0.00003817595208005131,
0.303,0.7044577504573574,0.00003832447507174208,
0.304,0.7045586165573186,0.000038473001487953704,
0.305,0.7046591020242983,0.00003862153130826609,
0.306,0.7047592097584365,0.00003877006451259328,
0.307,0.7048589426269725,0.0000389186010811783,
0.308,0.7049583034647389,0.000039067140994588296,
0.309,0.7050572950746479,0.00003921568423370958,
0.31,0.705155920228169,0.00003936423077974296,
0.311,0.7052541816657949,0.00003951278061419903,
0.312,0.7053520820975024,0.000039661333718893535,
0.313,0.7054496242032018,0.000039809890075942933,
0.314,0.7055468106331798,0.000039958449667759916,
0.315,0.7056436440085344,0.00004010701247704911,
0.316,0.7057401269216005,0.00004025557848680279,
0.317,0.7058362619363684,0.00004040414768029667,
0.318,0.7059320515888959,0.00004055272004108584,
0.319,0.7060274983877112,0.00004070129555300068,
0.32,0.7061226048142089,0.00004084987420014299,
0.321,0.7062173733230406,0.00004099845596688195,
0.322,0.7063118063424961,0.00004114704083785044,
0.323,0.7064059062748792,0.00004129562879794116,
0.324,0.7064996754968772,0.00004144421983230308,
0.325,0.7065931163599222,0.00004159281392633767,
0.326,0.7066862311905482,0.00004174141106569548,
0.327,0.7067790222907403,0.00004189001123627249,
0.328,0.7068714919382783,0.00004203861442420686,
0.329,0.7069636423870743,0.00004218722061587536,
0.33,0.7070554758675052,0.00004233582979789019,
0.331,0.7071469945867376,0.000042484441957095685,
0.332,0.7072382007290495,0.00004263305708056506,
0.333,0.7073290964561445,0.000042781675155597326,
0.334,0.7074196839074611,0.00004293029616971419,
0.335,0.7075099652004778,0.00004307892011065696,
0.336,0.7075999424310115,0.0000432275469663836,
0.337,0.7076896176735118,0.00004337617672506577,
0.338,0.7077789929813499,0.00004352480937508598,
0.339,0.7078680703871035,0.00004367344490503466,
0.34,0.7079568519028347,0.000043822083303707473,
0.341,0.7080453395203664,0.00004397072456010247,
0.342,0.7081335352115514,0.00004411936866341746,
0.343,0.7082214409285389,0.00004426801560304731,
0.344,0.7083090586040346,0.000044416665368581375,
0.345,0.7083963901515592,0.000044565317949800885,
0.346,0.7084834374657,0.00004471397333667644,
0.347,0.7085702024223595,0.00004486263151936552,
0.348,0.708656686879001,0.00004501129248821004,
0.349,0.708742892674888,0.000045159956233733986,
0.35,0.7088288216313215,0.00004530862274664094,
0.351,0.7089144755518727,0.00004545729201781187,
0.352,0.7089998562226117,0.00004560596403830279,
0.353,0.7090849654123336,0.00004575463879934251,
0.354,0.7091698048727798,0.0000459033162923304,
0.355,0.7092543763388558,0.000046051996508834234,
0.356,0.7093386815288474,0.00004620067944058805,
0.357,0.7094227221446301,0.00004634936507949003,
0.358,0.7095064998718786,0.000046498053417600375,
0.359,0.7095900163802713,0.000046646744447139344,
0.36,0.7096732733236909,0.00004679543816048516,
0.361,0.7097562723404236,0.00004694413455017209,
0.362,0.7098390150533543,0.000047092833608888436,
0.363,0.7099215030701581,0.00004724153532947468,
0.364,0.7100037379834909,0.000047390239704921506,
0.365,0.7100857213711738,0.000047538946728368035,
0.366,0.7101674547963776,0.000047687656393099914,
0.367,0.7102489398078041,0.000047836368692547555,
0.368,0.7103301779398624,0.000047985083620284344,
0.369,0.7104111707128445,0.00004813380117002489,
0.37,0.7104919196330987,0.00004828252133562329,
0.371,0.7105724261931977,0.00004843124411107147,
0.372,0.710652691872107,0.00004857996949049747,
0.373,0.7107327181353498,0.000048728697468163816,
0.374,0.7108125064351684,0.00004887742803846591,
0.375,0.710892058210684,0.00004902616119593041,
0.376,0.710971374888055,0.000049174896935213676,
0.377,0.7110504578806308,0.00004932363525110023,
0.378,0.7111293085891057,0.000049472376138501175,
0.379,0.7112079284016687,0.00004962111959245276,
0.38,0.7112863186941517,0.00004976986560811487,
0.381,0.711364480830176,0.00004991861418076953,
0.382,0.7114424161612954,0.00005006736530581955,
0.383,0.7115201260271392,0.00005021611897878703,
0.384,0.7115976117555507,0.00005036487519531201,
0.385,0.7116748746627253,0.00005051363395115105,
0.386,0.7117519160533468,0.00005066239524217593,
0.387,0.7118287372207199,0.000050811159064372295,
0.388,0.7119053394469033,0.0000509599254138383,
0.389,0.7119817240028383,0.00005110869428678335,
0.39,0.7120578921484778,0.00005125746567952682,
0.391,0.7121338451329117,0.00005140623958849679,
0.392,0.7122095841944923,0.00005155501601022882,
0.393,0.7122851105609552,0.000051703794941364636,
0.394,0.7123604254495421,0.00005185257637865107,
0.395,0.712435530067119,0.00005200136031893874,
0.396,0.7125104256102927,0.00005215014675918095,
0.397,0.7125851132655284,0.00005229893569643253,
0.398,0.7126595942092628,0.00005244772712784862,
0.399,0.7127338696080171,0.00005259652105068367,
0.4,0.7128079406185075,0.000052745317462290184,
0.401,0.7128818083877548,0.00005289411636011779,
0.402,0.712955474053193,0.000053042917741712017,
0.403,0.7130289387427747,0.00005319172160471332,
0.404,0.7131022035750767,0.000053340527946855986,
0.405,0.7131752696594036,0.000053489336765967146,
0.406,0.7132481380958892,0.0000536381480599657,
0.407,0.7133208099755981,0.000053786961826861344,
0.408,0.7133932863806238,0.000053935778064753574,
0.409,0.7134655683841887,0.00005408459677183073,
0.41,0.713537657050738,0.000054233417946368954,
0.411,0.7136095534360374,0.000054382241586731355,
0.412,0.7136812585872659,0.00005453106769136694,
0.413,0.7137527735431087,0.0000546798962588098,
0.414,0.713824099333849,0.00005482872728767813,
0.415,0.7138952369814581,0.000054977560776673374,
0.416,0.7139661874996842,0.000055126396724579254,
0.417,0.7140369518941412,0.00005527523513026101,
0.418,0.7141075311623941,0.000055424075992664394,
0.419,0.7141779262940456,0.00005557291931081498,
0.42,0.7142481382708202,0.00005572176508381717,
0.421,0.7143181680666475,0.00005587061331085347,
0.422,0.7143880166477443,0.00005601946399118356,
0.423,0.714457684972696,0.00005616831712414363,
0.424,0.7145271739925362,0.000056317172709145416,
0.425,0.7145964846508266,0.00005646603074567558,
0.426,0.7146656178837336,0.000056614891233294735,
0.427,0.7147345746201074,0.000056763754171636916,
0.428,0.7148033557815554,0.00005691261956040858,
0.429,0.7148719622825193,0.00005706148739938804,
0.43,0.7149403950303481,0.00005721035768842461,
0.431,0.7150086549253718,0.00005735923042743795,
0.432,0.7150767428609723,0.0000575081056164173,
0.433,0.7151446597236567,0.0000576569832554208,
0.434,0.7152124063931252,0.00005780586334457474,
0.435,0.7152799837423429,0.000057954745884072945,
0.436,0.7153473926376062,0.00005810363087417601,
0.437,0.7154146339386118,0.00005825251831521068,
0.438,0.7154817084985233,0.00005840140820756915,
0.439,0.7155486171640367,0.000058550300551708446,
0.44,0.715615360775446,0.00005869919534814972,
0.441,0.7156819401667075,0.00005884809259747766,
0.442,0.7157483561655027,0.0000589969923003398,
0.443,0.7158146095933021,0.00005914589445744599,
0.444,0.7158807012654258,0.00005929479906956764,
0.445,0.7159466319911064,0.00005944370613753725,
0.446,0.7160124025735475,0.000059592615662247686,
0.447,0.7160780138099847,0.000059741527644651715,
0.448,0.7161434664917439,0.000059890442085761246,
0.449,0.7162087614042999,0.000060039358986646954,
0.45,0.7162738993273341,0.000060188278348437487,
0.451,0.71633888103479,0.00006033720017231912,
0.452,0.716403707294931,0.000060486124459534994,
0.453,0.7164683788703942,0.000060635051211384733,
0.454,0.7165328965182469,0.000060783980429223746,
0.455,0.716597260990039,0.00006093291211446284,
0.456,0.7166614730318577,0.00006108184626856755,
0.457,0.7167255333843789,0.0000612307828930577,
0.458,0.716789442782921,0.00006137972198950682,
0.459,0.7168532019574949,0.00006152866355954173,
0.46,0.7169168116328561,0.00006167760760484193,
0.461,0.7169802725285543,0.00006182655412713914,
0.462,0.717043585358983,0.0000619755031282168,
0.463,0.717106750833429,0.00006212445460990959,
0.464,0.7171697696561208,0.00006227340857410295,
0.465,0.7172326425262763,0.00006242236502273257,
0.466,0.7172953701381507,0.00006257132395778396,
0.467,0.7173579531810826,0.00006272028538129194,
0.468,0.7174203923395414,0.00006286924929534021,
0.469,0.717482688293171,0.00006301821570206091,
0.47,0.7175448417168376,0.0000631671846036341,
0.471,0.7176068532806724,0.00006331615600228737,
0.472,0.7176687236501161,0.00006346512990029543,
0.473,0.7177304534859635,0.00006361410629997958,
0.474,0.7177920434444054,0.00006376308520370738,
0.475,0.7178534941770718,0.00006391206661389213,
0.476,0.7179148063310743,0.00006406105053299255,
0.477,0.7179759805490473,0.0000642100369635123,
0.478,0.7180370174691891,0.00006435902590799957,
0.479,0.7180979177253027,0.00006450801736904667,
0.48,0.7181586819468371,0.0000646570113492897,
0.481,0.7182193107589246,0.00006480600785140808,
0.482,0.7182798047824229,0.00006495500687812417,
0.483,0.7183401646339521,0.00006510400843220289,
0.484,0.7184003909259338,0.00006525301251645136,
0.485,0.718460484266629,0.00006540201913371846,
0.486,0.7185204452601761,0.00006555102828689457,
0.487,0.7185802745066269,0.00006570003997891105,
0.488,0.718639972601985,0.00006584905421274,
0.489,0.7186995401382403,0.00006599807099139381,
0.49,0.7187589777034068,0.00006614709031792488,
0.491,0.7188182858815562,0.00006629611219542522,
0.492,0.7188774652528543,0.00006644513662702609,
0.493,0.7189365163935957,0.00006659416361589768,
0.494,0.7189954398762374,0.00006674319316524875,
0.495,0.7190542362694333,0.00006689222527832633,
0.496,0.7191129061380679,0.00006704125995841535,
0.497,0.7191714500432888,0.00006719029720883827,
0.498,0.7192298685425406,0.0000673393370329549,
0.499,0.7192881621895963,0.00006748837943416185,
0.5,0.7193463315345905,0.00006763742441589243,
0.501,0.7194043771240505,0.00006778647198161623,
0.502,0.7194622995009277,0.00006793552213483875,
0.503,0.7195200992046288,0.00006808457487910127,
0.504,0.7195777767710476,0.0000682336302179803,
0.505,0.7196353327325931,0.0000683826881550875,
0.506,0.7196927676182222,0.00006853174869406929,
0.507,0.7197500819534679,0.00006868081183860649,
0.508,0.7198072762604685,0.00006882987759241415,
0.509,0.7198643510579986,0.00006897894595924116,
0.51,0.7199213068614957,0.00006912801694287005,
0.511,0.7199781441830901,0.00006927709054711659,
0.512,0.720034863531633,0.00006942616677582963,
0.513,0.7200914654127237,0.00006957524563289076,
0.514,0.7201479503287381,0.00006972432712221405,
0.515,0.7202043187788553,0.00006987341124774576,
0.516,0.7202605712590853,0.0000700224980134641,
0.517,0.720316708262295,0.00007017158742337894,
0.518,0.7203727302782356,0.00007032067948153155,
0.519,0.7204286377935679,0.00007046977419199437,
0.52,0.7204844312918887,0.0000706188715588707,
0.521,0.7205401112537565,0.00007076797158629449,
0.522,0.7205956781567168,0.00007091707427843006,
0.523,0.7206511324753265,0.00007106617963947186,
0.524,0.7207064746811807,0.00007121528767364427,
0.525,0.7207617052429346,0.00007136439838520121,
0.526,0.7208168246263303,0.0000715135117784261,
0.527,0.7208718332942196,0.00007166262785763147,
0.528,0.7209267317065877,0.00007181174662715877,
0.529,0.7209815203205775,0.00007196086809137815,
0.53,0.721036199590513,0.0000721099922546882,
0.531,0.7210907699679218,0.00007225911912151575,
0.532,0.7211452319015577,0.00007240824869631562,
0.533,0.721199585837425,0.00007255738098357038,
0.534,0.7212538322187992,0.0000727065159877902,
0.535,0.7213079714862497,0.00007285565371351257,
0.536,0.7213620040776623,0.00007300479416530204,
0.537,0.7214159304282604,0.00007315393734775009,
0.538,0.7214697509706264,0.00007330308326547489,
0.539,0.7215234661347233,0.00007345223192312109,
0.54,0.7215770763479165,0.00007360138332535957,
0.541,0.721630582034993,0.00007375053747688729,
0.542,0.7216839836181834,0.00007389969438242704,
0.543,0.721737281517182,0.00007404885404672723,
0.544,0.7217904761491671,0.0000741980164745618,
0.545,0.7218435679288207,0.00007434718167072985,
0.546,0.7218965572683489,0.00007449634964005556,
0.547,0.7219494445775014,0.00007464552038738801,
0.548,0.7220022302635908,0.0000747946939176008,
0.549,0.7220549147315114,0.0000749438702355922,
0.55,0.72210749838376,0.0000750930493462846,
0.551,0.7221599816204527,0.00007524223125462451,
0.552,0.7222123648393447,0.00007539141596558242,
0.553,0.7222646484358491,0.00007554060348415249,
0.554,0.7223168328030547,0.0000756897938153524,
0.555,0.7223689183317441,0.00007583898696422324,
0.556,0.7224209054104118,0.00007598818293582926,
0.557,0.7224727944252823,0.0000761373817352577,
0.558,0.7225245857603279,0.00007628658336761866,
0.559,0.7225762797972851,0.00007643578783804489,
0.56,0.7226278769156732,0.00007658499515169161,
0.561,0.7226793774928105,0.0000767342053137364,
0.562,0.7227307819038322,0.00007688341832937892,
0.563,0.7227820905217057,0.00007703263420384086,
0.564,0.7228333037172492,0.00007718185294236574,
0.565,0.7228844218591465,0.0000773310745502187,
0.566,0.7229354453139643,0.00007748029903268639,
0.567,0.7229863744461679,0.00007762952639507676,
0.568,0.7230372096181378,0.00007777875664271902,
0.569,0.7230879511901847,0.00007792798978096327,
0.57,0.7231385995205657,0.00007807722581518058,
0.571,0.7231891549655003,0.00007822646475076267,
0.572,0.7232396178791852,0.00007837570659312184,
0.573,0.7232899886138093,0.00007852495134769077,
0.574,0.72334026751957,0.00007867419901992244,
0.575,0.7233904549446872,0.00007882344961528985,
0.576,0.7234405512354178,0.00007897270313928603,
0.577,0.7234905567360722,0.00007912195959742382,
0.578,0.7235404717890268,0.00007927121899523569,
0.579,0.7235902967347397,0.00007942048133827366,
0.58,0.7236400319117645,0.00007956974663210915,
0.581,0.7236896776567647,0.00007971901488233277,
0.582,0.7237392343045278,0.00007986828609455431,
0.583,0.7237887021879789,0.00008001756027440246,
0.584,0.7238380816381943,0.00008016683742752479,
0.585,0.7238873729844161,0.00008031611755958755,
0.586,0.7239365765540651,0.00008046540067627553,
0.587,0.7239856926727534,0.00008061468678329198,
0.588,0.7240347216642995,0.00008076397588635846,
0.589,0.7240836638507397,0.00008091326799121466,
0.59,0.7241325195523427,0.00008106256310361833,
0.591,0.7241812890876208,0.00008121186122934518,
0.592,0.7242299727733442,0.00008136116237418862,
0.593,0.724278570924553,0.00008151046654395978,
0.594,0.7243270838545695,0.00008165977374448732,
0.595,0.7243755118750115,0.00008180908398161728,
0.596,0.7244238552958042,0.00008195839726121306,
0.597,0.7244721144251918,0.00008210771358915518,
0.598,0.7245202895697507,0.00008225703297134122,
0.599,0.724568381034401,0.00008240635541368572,
0.6,0.7246163891224185,0.00008255568092211997,
0.601,0.7246643141354459,0.00008270500950259207,
0.602,0.7247121563735055,0.00008285434116106663,
0.603,0.7247599161350103,0.0000830036759035247,
0.604,0.7248075937167755,0.00008315301373596379,
0.605,0.7248551894140294,0.00008330235466439758,
0.606,0.7249027035204257,0.00008345169869485588,
0.607,0.724950136328054,0.00008360104583338459,
0.608,0.724997488127451,0.00008375039608604543,
0.609,0.7250447592076112,0.00008389974945891605,
0.61,0.7250919498559986,0.00008404910595808967,
0.611,0.7251390603585566,0.00008419846558967518,
0.612,0.7251860909997193,0.00008434782835979696,
0.613,0.7252330420624215,0.00008449719427459473,
0.614,0.7252799138281102,0.00008464656334022353,
0.615,0.7253267065767538,0.00008479593556285356,
0.616,0.7253734205868536,0.00008494531094867011,
0.617,0.7254200561354528,0.00008509468950387343,
0.618,0.7254666134981479,0.00008524407123467862,
0.619,0.725513092949098,0.00008539345614731563,
0.62,0.7255594947610348,0.00008554284424802902,
0.621,0.7256058192052728,0.00008569223554307797,
0.622,0.7256520665517184,0.00008584163003873614,
0.623,0.7256982370688814,0.00008599102774129156,
0.624,0.7257443310238821,0.00008614042865704657,
0.625,0.7257903486824628,0.00008628983279231769,
0.626,0.7258362903089964,0.00008643924015343561,
0.627,0.725882156166496,0.00008658865074674493,
0.628,0.7259279465166242,0.0000867380645786043,
0.629,0.7259736616197023,0.00008688748165538609,
0.63,0.7260193017347197,0.00008703690198347649,
0.631,0.7260648671193424,0.0000871863255692753,
0.632,0.7261103580299224,0.00008733575241919594,
0.633,0.7261557747215068,0.00008748518253966523,
0.634,0.7262011174478463,0.00008763461593712346,
0.635,0.7262463864614036,0.00008778405261802418,
0.636,0.7262915820133633,0.0000879334925888342,
0.637,0.7263367043536393,0.00008808293585603339,
0.638,0.726381753730884,0.00008823238242611475,
0.639,0.7264267303924966,0.00008838183230558423,
0.64,0.726471634584631,0.00008853128550096067,
0.641,0.7265164665522057,0.00008868074201877566,
0.642,0.72656122653891,0.00008883020186557362,
0.643,0.7266059147872137,0.0000889796650479115,
0.644,0.7266505315383746,0.00008912913157235892,
0.645,0.7266950770324464,0.00008927860144549789,
0.646,0.7267395515082878,0.0000894280746739229,
0.647,0.7267839552035688,0.00008957755126424076,
0.648,0.7268282883547796,0.00008972703122307048,
0.649,0.7268725511972383,0.00008987651455704329,
0.65,0.7269167439650982,0.00009002600127280252,
0.651,0.7269608668913565,0.00009017549137700351,
0.652,0.7270049202078601,0.0000903249848763136,
0.653,0.7270489041453152,0.00009047448177741191,
0.654,0.7270928189332929,0.00009062398208698948,
0.655,0.7271366648002384,0.00009077348581174899,
0.656,0.727180441973477,0.00009092299295840483,
0.657,0.7272241506792217,0.00009107250353368296,
0.658,0.7272677911425812,0.00009122201754432087,
0.659,0.7273113635875661,0.0000913715349970675,
0.66,0.7273548682370963,0.00009152105589868312,
0.661,0.7273983053130088,0.00009167058025593942,
0.662,0.7274416750360632,0.0000918201080756192,
0.663,0.7274849776259503,0.00009196963936451653,
0.664,0.727528213301298,0.00009211917412943651,
0.665,0.7275713822796785,0.00009226871237719538,
0.666,0.7276144847776147,0.00009241825411462025,
0.667,0.7276575210105876,0.0000925677993485492,
0.668,0.727700491193042,0.00009271734808583113,
0.669,0.7277433955383945,0.0000928669003333257,
0.67,0.7277862342590387,0.00009301645609790336,
0.671,0.7278290075663524,0.0000931660153864451,
0.672,0.7278717156707042,0.00009331557820584258,
0.673,0.7279143587814595,0.00009346514456299795,
0.674,0.727956937106987,0.00009361471446482383,
0.675,0.7279994508546649,0.00009376428791824326,
0.676,0.7280419002308882,0.0000939138649301896,
0.677,0.728084285441073,0.00009406344550760646,
0.678,0.7281266066896642,0.00009421302965744776,
0.679,0.7281688641801413,0.00009436261738667747,
0.68,0.7282110581150235,0.00009451220870226976,
0.681,0.7282531886958777,0.00009466180361120878,
0.682,0.7282952561233226,0.00009481140212048869,
0.683,0.7283372605970353,0.00009496100423711356,
0.684,0.7283792023157571,0.00009511060996809737,
0.685,0.7284210814773002,0.00009526021932046387,
0.686,0.7284628982785518,0.00009540983230124658,
0.687,0.7285046529154814,0.00009555944891748874,
0.688,0.7285463455831457,0.00009570906917624319,
0.689,0.7285879764756944,0.00009585869308457243,
0.69,0.728629545786376,0.00009600832064954846,
0.691,0.7286710537075426,0.00009615795187825278,
0.692,0.7287125004306569,0.00009630758677777625,
0.693,0.7287538861462969,0.00009645722535521921,
0.694,0.7287952110441603,0.00009660686761769126,
0.695,0.7288364753130718,0.00009675651357231129,
0.696,0.7288776791409872,0.00009690616322620741,
0.697,0.7289188227149985,0.00009705581658651687,
0.698,0.7289599062213412,0.00009720547366038609,
0.699,0.7290009298453967,0.00009735513445497052,
0.7,0.7290418937716991,0.00009750479897743463,
0.701,0.7290827981839408,0.00009765446723495188,
0.702,0.7291236432649764,0.00009780413923470459,
0.703,0.7291644291968283,0.00009795381498388402,
0.704,0.7292051561606923,0.00009810349448969021,
0.705,0.7292458243369412,0.00009825317775933196,
0.706,0.7292864339051315,0.00009840286480002683,
0.707,0.7293269850440071,0.00009855255561900102,
0.708,0.7293674779315042,0.00009870225022348938,
0.709,0.7294079127447575,0.00009885194862073531,
0.71,0.7294482896601028,0.0000990016508179908,
0.711,0.729488608853084,0.00009915135682251628,
0.712,0.7295288704984564,0.00009930106664158063,
0.713,0.7295690747701918,0.00009945078028246117,
0.714,0.7296092218414831,0.0000996004977524435,
0.715,0.7296493118847495,0.00009975021905882162,
0.716,0.7296893450716395,0.0000998999442088977,
0.717,0.7297293215730367,0.00010004967320998223,
0.718,0.7297692415590625,0.0001001994060693938,
0.719,0.7298091051990798,0.00010034914279445922,
0.72,0.7298489126616946,0.00010049888339251345,
0.721,0.7298886641147554,0.00010064862787089956,
0.722,0.7299283597253458,0.00010079837623696887,
0.723,0.7299679996597679,0.00010094812849808108,
0.724,0.7300075840835034,0.00010109788466160471,
0.725,0.7300471131611318,0.00010124764473491784,
0.726,0.7300865870561599,0.00010139740872540989,
0.727,0.7301260059306884,0.00010154717664048491,
0.728,0.7301653699447279,0.00010169694848756838,
0.729,0.7302046792548424,0.00010184672427412081,
0.73,0.7302439340114426,0.00010199650400766475,
0.731,0.7302831343533928,0.00010214628769583854,
0.732,0.7303222803973445,0.0001022960753465029,
0.733,0.7303613722173599,0.00010244586696794416,
0.734,0.7304004098957226,0.00010259566256836728,
0.735,0.7304393932334033,0.00010274546215878549,
0.736,0.7304783219899262,0.00010289526575062634,
0.737,0.7305171932450053,0.00010304507338206437,
0.738,0.7305560066757181,0.00010319488506535179,
0.739,0.7305947562207221,0.0001033447008700153,
0.74,0.7306334315673819,0.00010349452090801462,
0.741,0.730672011999158,0.00010364434539515197,
0.742,0.7307104567824164,0.00010379417474702263,
0.743,0.7307486866383476,0.00010394400976394765,
0.744,0.7307865507277795,0.00010409385196050744,
0.745,0.7308237735428121,0.00010424370409563605,
0.746,0.7308598882683149,0.00010439357083777668,
0.747,0.7308942019322189,0.00010454345911276887,
0.748,0.7309258891067788,0.0001046933771686555,
0.749,0.730954263467515,0.00010484333186522332,
0.75,0.7309790306700015,0.00010499332614993452,
0.751,0.7310004217672565,0.00010514335772614689,
0.752,0.7310188812837486,0.00010529342216643597,
0.753,0.7310349434540611,0.00010544351414785683,
0.754,0.731049087004154,0.00010559362890141921,
0.755,0.731061702350499,0.00010574376253950372,
0.756,0.7310730944806864,0.00010589391202713017,
0.757,0.7310834980503045,0.00010604407503128711,
0.758,0.7310930933639682,0.00010619424976143162,
0.759,0.7311020197461496,0.0001063444348360386,
0.76,0.7311103859382763,0.00010649462917882936,
0.761,0.7311182777563019,0.00010664483194234258,
0.762,0.7311257637577475,0.00010679504245137226,
0.763,0.7311328993635576,0.00010694526016182791,
0.764,0.7311397298788695,0.00010709548463058454,
0.765,0.7311462927102539,0.00010724571549335253,
0.766,0.731152619085102,0.00010739595244751667,
0.767,0.7311587353236785,0.00010754619523943969,
0.768,0.7311646634886033,0.00010769644365798045,
0.769,0.7311704226910887,0.00010784669752145564,
0.77,0.7311760293287733,0.00010799695667526661,
0.771,0.7311815022219275,0.00010814722094062825,
0.772,0.7311868413640826,0.00010829749032668888,
0.773,0.7311920670782027,0.00010844776463965937,
0.774,0.7311971876125622,0.0001085980438062831,
0.775,0.7312022109552739,0.00010874832775589942,
0.776,0.7312071444180405,0.00010889861642459911,
0.777,0.7312119945965401,0.00010904890975561998,
0.778,0.731216767423344,0.00010919920769881878,
0.779,0.731221468252202,0.00010934951020982996,
0.78,0.7312261018731109,0.00010949981724991542,
0.781,0.7312306726695014,0.00010965012878439546,
0.782,0.7312351845986229,0.00010980044478284466,
0.783,0.7312396412624115,0.00010995076521838462,
0.784,0.7312440459478005,0.00011010109006728155,
0.785,0.7312484016617637,0.00011025141930859651,
0.786,0.731252711161762,0.00011040175292388154,
0.787,0.7312569769822447,0.00011055209089691523,
0.788,0.731261201457776,0.00011070243321347177,
0.789,0.7312653867432772,0.00011085277986111902,
0.79,0.7312695348317956,0.00011100313082904112,
0.791,0.7312736475701525,0.00011115348610788235,
0.792,0.7312777266727609,0.00011130384568960918,
0.793,0.7312817737338642,0.00011145420956738812,
0.794,0.7312857902384036,0.00011160457773547728,
0.795,0.7312897775716933,0.00011175495018912983,
0.796,0.7312937370280592,0.00011190532692450771,
0.797,0.7312976698185654,0.00011205570793860457,
0.798,0.7313015770779447,0.00011220609322917657,
0.799,0.7313054598708286,0.00011235648279468026,
0.8,0.7313093191973578,0.00011250687663421652,
0.801,0.731313155998246,0.00011265727474748002,
0.802,0.7313169711593609,0.00011280767713471357,
0.803,0.7313207655158741,0.00011295808379666663,
0.804,0.7313245398560281,0.00011310849473455773,
0.805,0.7313282949245621,0.00011325890995004034,
0.806,0.7313320314258335,0.00011340932944517163,
0.807,0.7313357500314779,0.00011355975322233604,
0.808,0.7313394513620642,0.00011371018128442852,
0.809,0.731343136024034,0.00011386061363448553,
0.81,0.7313468045861536,0.00011401105027592047,
0.811,0.7313504575888986,0.00011416149121242965,
0.812,0.7313540955462717,0.00011431193644797439,
0.813,0.7313577189474827,0.00011446238598676419,
0.814,0.7313613282585011,0.00011461283983324117,
0.815,0.7313649239234924,0.00011476329799206582,
0.816,0.7313685063661464,0.00011491376046810373,
0.817,0.7313720759909076,0.00011506422726641326,
0.818,0.7313756331841161,0.0001152146983922342,
0.819,0.7313791783150656,0.00011536517385097721,
0.82,0.7313827117369853,0.00011551565364821403,
0.821,0.731386233787954,0.00011566613778966832,
0.822,0.7313897447917489,0.00011581662628120718,
0.823,0.7313932450586381,0.0001159671191288334,
0.824,0.731396734886117,0.00011611761633867785,
0.825,0.7314002145595968,0.00011626811791699279,
0.826,0.7314036843530476,0.00011641862387014548,
0.827,0.7314071445295989,0.00011656913420461202,
0.828,0.7314105953421013,0.00011671964892697192,
0.829,0.7314140370336529,0.00011687016804390274,
0.83,0.7314174698380923,0.00011702069156217523,
0.831,0.7314208939804614,0.00011717121948864864,
0.832,0.7314243096774384,0.00011732175183026652,
0.833,0.7314277171377468,0.00011747228859405252,
0.834,0.7314311165625377,0.00011762282978710664,
0.835,0.731434508145751,0.00011777337541660159,
0.836,0.7314378920744538,0.00011792392548977947,
0.837,0.7314412685291611,0.00011807448001394856,
0.838,0.7314446376841374,0.00011822503899648019,
0.839,0.7314479997076798,0.00011837560244480615,
0.84,0.7314513547623875,0.00011852617036641574,
0.841,0.7314547030054152,0.00011867674276885349,
0.842,0.7314580445887121,0.00011882731965971655,
0.843,0.7314613796592495,0.00011897790104665262,
0.844,0.7314647083592346,0.00011912848693735765,
0.845,0.7314680308263141,0.00011927907733957395,
0.846,0.7314713471937658,0.00011942967226108816,
0.847,0.7314746575906823,0.00011958027170972951,
0.848,0.7314779621421424,0.00011973087569336807,
0.849,0.7314812609693769,0.00011988148421991308,
0.85,0.7314845541899236,0.00012003209729731149,
0.851,0.7314878419177756,0.00012018271493354632,
0.852,0.7314911242635221,0.00012033333713663544,
0.853,0.7314944013344825,0.00012048396391463013,
0.854,0.7314976732348334,0.00012063459527561379,
0.855,0.73150094006573,0.00012078523122770084,
0.856,0.7315042019254218,0.00012093587177903544,
0.857,0.731507458909363,0.0001210865169377905,
0.858,0.731510711110316,0.00012123716671216656,
0.859,0.731513958618453,0.0001213878211103909,
0.86,0.7315172015214506,0.00012153848014071636,
0.861,0.7315204399045812,0.00012168914381142075,
0.862,0.7315236738507994,0.00012183981213080569,
0.863,0.7315269034408266,0.00012199048510719603,
0.864,0.7315301287532283,0.00012214116274893887,
0.865,0.7315333498644917,0.00012229184506440285,
0.866,0.7315365668490978,0.00012244253206197754,
0.867,0.731539779779591,0.00012259322375007258,
0.868,0.7315429887266447,0.0001227439201371172,
0.869,0.7315461937591269,0.0001228946212315593,
0.87,0.731549394944159,0.00012304532704186523,
0.871,0.7315525923471764,0.00012319603757651889,
0.872,0.7315557860319791,0.00012334675284402137,
0.873,0.7315589760608039,0.00012349747285289017,
0.874,0.7315621624943417,0.0001236481976116591,
0.875,0.7315653453918203,0.00012379892712887733,
0.876,0.7315685248110353,0.00012394966141310927,
0.877,0.7315717008083996,0.00012410040047293385,
0.878,0.7315748734389864,0.0001242511443169443,
0.879,0.7315780427565715,0.0001244018929537476,
0.88,0.7315812088136739,0.00012455264639196415,
0.881,0.7315843716615946,0.00012470340464022732,
0.882,0.7315875313504545,0.00012485416770718314,
0.883,0.731590687929229,0.0001250049356014899,
0.884,0.7315938414457838,0.00012515570833181787,
0.885,0.7315969919494282,0.00012530648590682362,
0.886,0.7316001394801053,0.00012545726833525827,
0.887,0.7316032840860758,0.00012560805562579066,
0.888,0.7316064258109992,0.0001257588477871364,
0.889,0.7316095646976126,0.0001259096448280212,
0.89,0.7316127007877454,0.0001260604467571807,
0.891,0.7316158341223378,0.0001262112535833603,
0.892,0.7316189647414626,0.00012636206531531485,
0.893,0.731622092684347,0.0001265128819618086,
0.894,0.7316252179893951,0.00012666370353161483,
0.895,0.7316283406942095,0.00012681453003351574,
0.896,0.7316314608356128,0.0001269653614763021,
0.897,0.7316345784496696,0.00012711619786877324,
0.898,0.7316376935717063,0.00012726703921973667,
0.899,0.7316408062363302,0.00012741788553800792,
0.9,0.7316439164774508,0.00012756873683241048,
0.901,0.7316470243282968,0.00012771959311177545,
0.902,0.7316501298214343,0.0001278704543849414,
0.903,0.7316532329887855,0.00012802132066075432,
0.904,0.731656333861644,0.00012817219194806724,
0.905,0.7316594324706925,0.00012832306825574024,
0.906,0.731662528846018,0.00012847394959264024,
0.907,0.7316656230171273,0.00012862483596764088,
0.908,0.7316687150129617,0.00012877572738962228,
0.909,0.731671804861912,0.00012892662386747094,
0.91,0.7316748925918315,0.00012907752541007977,
0.911,0.7316779782300503,0.00012922843202634764,
0.912,0.7316810618033883,0.0001293793437251795,
0.913,0.7316841433381672,0.00012953026051548612,
0.914,0.7316872228602237,0.00012968118240618413,
0.915,0.7316903003949208,0.0001298321094061957,
0.916,0.7316933759671594,0.00012998304152444856,
0.917,0.73169644960139,0.00013013397876987583,
0.918,0.731699521321623,0.00013028492115141598,
0.919,0.7317025911514394,0.00013043586867801267,
0.92,0.7317056591140014,0.00013058682135861464,
0.921,0.7317087252320614,0.00013073777920217565,
0.922,0.7317117895279729,0.0001308887422176544,
0.923,0.7317148520236988,0.00013103971041401438,
0.924,0.7317179127408211,0.00013119068380022377,
0.925,0.7317209717005492,0.0001313416623852555,
0.926,0.7317240289237292,0.00013149264617808698,
0.927,0.7317270844308512,0.00013164363518770018,
0.928,0.7317301382420586,0.00013179462942308133,
0.929,0.7317331903771549,0.00013194562889322115,
0.93,0.7317362408556118,0.00013209663360711453,
0.931,0.7317392896965766,0.00013224764357376052,
0.932,0.7317423369188798,0.00013239865880216233,
0.933,0.7317453825410412,0.0001325496793013272,
0.934,0.7317484265812771,0.0001327007050802663,
0.935,0.731751469057508,0.0001328517361479948,
0.936,0.7317545099873629,0.0001330027725135316,
0.937,0.731757549388188,0.00013315381418589945,
0.938,0.7317605872770508,0.00013330486117412487,
0.939,0.7317636236707474,0.00013345591348723802,
0.94,0.7317666585870053,0.00013360697113426066,
0.941,0.7317696920397209,0.0001337580341242538,
0.942,0.7317727240460822,0.00013390910246624665,
0.943,0.7317757546218535,0.0001340601761692834,
0.944,0.7317787837825557,0.00013421125524241175,
0.945,0.7317818115434693,0.0001343623396946828,
0.946,0.7317848379196413,0.00013451342953515086,
0.947,0.7317878629258885,0.00013466452477287356,
0.948,0.7317908865768028,0.00013481562541691174,
0.949,0.7317939088867563,0.00013496673147632944,
0.95,0.7317969298699044,0.0001351178429601938,